Criminal Race,City,State,Type of Offence,Type of Location,Bias Motivation,Year,ID
Unknown,Oakland,CA,Destruct/vandalism,0,Anti-Black or African American,2017,HC1
Multi-Racial Group,Oakland,CA,Agg asslt,0,Anti-Male Homosexual,2017,HC2
White,Alameda,CA,Simple asslt,0,Anti-Black or African American,2017,HC3
White,Alameda,CA,Destruct/vandalism,0,Anti-Jewish,2017,HC4
Unknown,Alameda,CA,Destruct/vandalism,0,Anti-Black or African American,2017,HC5
Unknown,Alameda,CA,Intimidation,1,Anti-Physical Disability,2017,HC6
Native Hawaiian or other Pacific Islander,Alameda,CA,Simple asslt,1,Anti-Male Homosexual,2017,HC7
Unknown,Alameda,CA,Destruct/vandalism,0,Anti-Black or African American,2017,HC8
Unknown,Alameda,CA,Intimidation,0,Anti-Black or African American,2017,HC9
White,Alameda,CA,Intimidation,1,Anti-Arab,2017,HC10
White,Albany,CA,Destruct/vandalism,0,"Anti-Lesbian, Gay, Bisexual, or Transgender, Mixed Group (LGBT)",2017,HC11
Unknown,Albany,CA,Intimidation,1,Anti-Black or African American,2017,HC12
White,Berkeley,CA,Intimidation,0,Anti-Jewish,2017,HC13
White,Berkeley,CA,Simple asslt,0,"Anti-Lesbian, Gay, Bisexual, or Transgender, Mixed Group (LGBT)",2017,HC14
White,Berkeley,CA,Agg asslt,0,Anti-Black or African American,2017,HC15
White,Berkeley,CA,Simple asslt,0,Anti-Female Homosexual,2017,HC16
White,Berkeley,CA,Agg asslt,0,Anti-Black or African American,2017,HC17
White,Berkeley,CA,Agg asslt,0,Anti-Black or African American,2017,HC18
Unknown,Berkeley,CA,Destruct/vandalism,0,Anti-White,2017,HC19
Unknown,Berkeley,CA,Destruct/vandalism,1,"Anti-Lesbian, Gay, Bisexual, or Transgender, Mixed Group (LGBT)",2017,HC20
Black or African American,Berkeley,CA,Intimidation,0,Anti-White,2017,HC21
White,Berkeley,CA,Intimidation,0,Anti-Jewish,2017,HC22
Unknown,Berkeley,CA,Intimidation,0,Anti-White,2017,HC23
Unknown,Berkeley,CA,Destruct/vandalism,1,Anti-Jewish,2017,HC24
Black or African American,Berkeley,CA,Robbery,0,Anti-Hispanic or Latino,2017,HC25
White,Berkeley,CA,Intimidation,0,Anti-Hispanic or Latino,2017,HC26
White,Berkeley,CA,Simple asslt,0,Anti-Black or African American,2017,HC27
White,Berkeley,CA,Intimidation,1,Anti-Not Hispanic or Latino,2017,HC28
Unknown,Berkeley,CA,Destruct/vandalism,0,Anti-Male Homosexual,2017,HC29
White,Berkeley,CA,All other larceny,0,Anti-Native Hawaiian or Other Pacific Islander,2017,HC30
Black or African American,Berkeley,CA,Intimidation,0,Anti-White,2017,HC31
White,Berkeley,CA,Agg asslt,0,"Anti-Lesbian, Gay, Bisexual, or Transgender, Mixed Group (LGBT)",2017,HC32
White,Berkeley,CA,Arson,1,"Anti-Lesbian, Gay, Bisexual, or Transgender, Mixed Group (LGBT)",2017,HC33
White,Berkeley,CA,Simple asslt,0,Anti-Black or African American,2017,HC34
White,Fremont,CA,Intimidation,0,Anti-Islamic,2017,HC35
Unknown,Fremont,CA,Destruct/vandalism,0,Anti-Black or African American,2017,HC36
Black or African American,Hayward,CA,Simple asslt,0,Anti-White,2017,HC37
Unknown,Hayward,CA,Intimidation,0,Anti-Black or African American,2017,HC38
Multi-Racial Group,Hayward,CA,Robbery,0,Anti-Islamic,2017,HC39
White,Hayward,CA,Intimidation,0,Anti-Black or African American,2017,HC40
Unknown,Livermore,CA,Destruct/vandalism,0,Anti-Black or African American,2017,HC41
Unknown,Livermore,CA,Destruct/vandalism,0,Anti-Black or African American,2017,HC42
Unknown,Newark,CA,Destruct/vandalism,0,Anti-Jewish,2017,HC43
Unknown,Newark,CA,Destruct/vandalism,0,Anti-Hispanic or Latino,2017,HC44
Black or African American,Oakland,CA,Robbery,0,Anti-Hispanic or Latino,2017,HC45
Unknown,Oakland,CA,Intimidation,1,Anti-Male Homosexual,2017,HC46
Unknown,Oakland,CA,Intimidation,1,Anti-Black or African American,2017,HC47
Black or African American,Oakland,CA,Intimidation,1,Anti-Jewish,2017,HC48
Unknown,Oakland,CA,Intimidation,0,Anti-Other Religion,2017,HC49
White,Oakland,CA,Simple asslt,0,Anti-Hispanic or Latino,2017,HC50
White,Oakland,CA,Robbery,0,Anti-Hispanic or Latino,2017,HC51
Unknown,Oakland,CA,Destruct/vandalism,0,Anti-Jewish,2017,HC52
Black or African American,Oakland,CA,Simple asslt,0,Anti-White,2017,HC53
Native Hawaiian or other Pacific Islander,Oakland,CA,Intimidation,0,Anti-American Indian or Alaska Native,2017,HC54
Black or African American,Oakland,CA,Simple asslt,0,Anti-Heterosexual,2017,HC55
Unknown,Oakland,CA,Destruct/vandalism,0,Anti-Jewish,2017,HC56
Unknown,Oakland,CA,Intimidation,1,Anti-Jewish,2017,HC57
Multi-Racial Group,Oakland,CA,Intimidation,1,Anti-Other Religion,2017,HC58
Unknown,Oakland,CA,Intimidation,0,Anti-Jewish,2017,HC59
Black or African American,Oakland,CA,Agg asslt,0,Anti-Not Hispanic or Latino,2017,HC60
White,Oakland,CA,Intimidation,0,Anti-Native Hawaiian or Other Pacific Islander,2017,HC61
Black or African American,Oakland,CA,Agg asslt,0,Anti-Hispanic or Latino,2017,HC62
Unknown,Piedmont,CA,Destruct/vandalism,0,Anti-Black or African American,2017,HC63
Unknown,Piedmont,CA,Destruct/vandalism,0,Anti-Islamic,2017,HC64
White,San Leandro,CA,Intimidation,0,Anti-American Indian or Alaska Native,2017,HC65
White,San Leandro,CA,Intimidation,1,Anti-Black or African American,2017,HC66
Unknown,San Leandro,CA,Destruct/vandalism,0,Anti-Multi-Racial,2017,HC67
Unknown,San Leandro,CA,Destruct/vandalism,0,Anti-White,2017,HC68
Multi-Racial Group,San Leandro,CA,Destruct/vandalism,0,Anti-Heterosexual,2017,HC69
Black or African American,San Leandro,CA,Simple asslt,0,Anti-Black or African American,2017,HC70
Black or African American,San Leandro,CA,Simple asslt,0,Anti-Mental Disability,2017,HC71
Unknown,San Leandro,CA,Destruct/vandalism,0,Anti-Asian,2017,HC72
Multi-Racial Group,San Leandro,CA,Agg asslt,0,Anti-Heterosexual,2017,HC73
Multi-Racial Group,San Leandro,CA,Agg asslt,1,Anti-Male Homosexual,2017,HC74
Unknown,Union City,CA,Destruct/vandalism,0,Anti-Black or African American,2017,HC75
Unknown,Union City,CA,Destruct/vandalism,1,Anti-Black or African American,2017,HC76
White,Oakland,CA,Simple asslt,0,Anti-Asian,2017,HC77
Unknown,Dublin,CA,Agg asslt,0,Anti-Asian,2017,HC78
Unknown,Berkeley,CA,Destruct/vandalism,0,Anti-Heterosexual,2017,HC79
Unknown,Berkeley,CA,Simple asslt,0,Anti-White,2017,HC80
Multi-Racial Group,Berkeley,CA,Agg asslt,0,Anti-Black or African American,2017,HC81
White,Berkeley,CA,Agg asslt,0,Anti-Male Homosexual,2017,HC82
Unknown,Berkeley,CA,Intimidation,0,Anti-Hispanic or Latino,2017,HC83
White,Chico,CA,Simple asslt,0,Anti-Black or African American,2017,HC84
White,Paradise,CA,Agg asslt,0,Anti-Black or African American,2017,HC85
White,San Andreas,CA,Robbery,0,Anti-Black or African American,2017,HC86
Unknown,Martinez,CA,Destruct/vandalism,0,Anti-Not Hispanic or Latino,2017,HC87
Unknown,Antioch,CA,Burg/B & E,1,Anti-Black or African American,2017,HC88
Black or African American,Brentwood,CA,Intimidation,0,Anti-Transgender,2017,HC89
Unknown,Brentwood,CA,Destruct/vandalism,1,Anti-Black or African American,2017,HC90
White,Concord,CA,Simple asslt,0,Anti-Male Homosexual,2017,HC91
White,Pleasant Hill,CA,Robbery,0,Anti-Islamic,2017,HC92
Unknown,Richmond,CA,Destruct/vandalism,0,Anti-Hispanic or Latino,2017,HC93
Unknown,Richmond,CA,Intimidation,0,Anti-Heterosexual,2017,HC94
White,Richmond,CA,Simple asslt,1,Anti-Black or African American,2017,HC95
White,Richmond,CA,Agg asslt,0,Anti-Male Homosexual,2017,HC96
Multi-Racial Group,Richmond,CA,Intimidation,0,Anti-Black or African American,2017,HC97
Unknown,Martinez,CA,Destruct/vandalism,0,Anti-Jewish,2017,HC98
Unknown,Martinez,CA,Destruct/vandalism,0,Anti-Other Christian,2017,HC99
Black or African American,Martinez,CA,Intimidation,1,Anti-Mental Disability,2017,HC100
Unknown,Martinez,CA,Destruct/vandalism,0,Anti-Jewish,2017,HC101
Unknown,Martinez,CA,Destruct/vandalism,0,Anti-Black or African American,2017,HC102
Unknown,Martinez,CA,Destruct/vandalism,0,Anti-Black or African American,2017,HC103
Unknown,Martinez,CA,Destruct/vandalism,0,Anti-Jewish,2017,HC104
Unknown,San Ramon,CA,Destruct/vandalism,0,Anti-Black or African American,2017,HC105
Unknown,San Ramon,CA,Destruct/vandalism,0,Anti-Islamic,2017,HC106
Unknown,San Ramon,CA,Destruct/vandalism,0,Anti-Black or African American,2017,HC107
White,Placerville,CA,Intimidation,0,Anti-Black or African American,2017,HC108
Unknown,Placerville,CA,Destruct/vandalism,0,Anti-Asian,2017,HC109
White,South Lake Tahoe,CA,Intimidation,1,"Anti-Lesbian, Gay, Bisexual, or Transgender, Mixed Group (LGBT)",2017,HC110
White,South Lake Tahoe,CA,Intimidation,1,"Anti-Lesbian, Gay, Bisexual, or Transgender, Mixed Group (LGBT)",2017,HC111
White,South Lake Tahoe,CA,Intimidation,0,Anti-Black or African American,2017,HC112
White,South Lake Tahoe,CA,Intimidation,1,"Anti-Lesbian, Gay, Bisexual, or Transgender, Mixed Group (LGBT)",2017,HC113
White,South Lake Tahoe,CA,Intimidation,1,"Anti-Lesbian, Gay, Bisexual, or Transgender, Mixed Group (LGBT)",2017,HC114
Unknown,Fresno,CA,Destruct/vandalism,1,"Anti-Lesbian, Gay, Bisexual, or Transgender, Mixed Group (LGBT)",2017,HC115
Multi-Racial Group,Fresno,CA,Intimidation,0,Anti-Black or African American,2017,HC116
Unknown,Fresno,CA,Simple asslt,0,Anti-Female Homosexual,2017,HC117
Unknown,Fresno,CA,Destruct/vandalism,1,Anti-Male Homosexual,2017,HC118
Multi-Racial Group,Fresno,CA,Agg asslt,0,"Anti-Lesbian, Gay, Bisexual, or Transgender, Mixed Group (LGBT)",2017,HC119
White,Fresno,CA,Agg asslt,0,Anti-Black or African American,2017,HC120
Unknown,Fresno,CA,Destruct/vandalism,0,Anti-Black or African American,2017,HC121
Unknown,Fresno,CA,Agg asslt,0,Anti-Male Homosexual,2017,HC122
White,Fresno,CA,Agg asslt,0,Anti-Transgender,2017,HC123
White,Fresno,CA,Destruct/vandalism,1,Anti-Sikh,2017,HC124
Black or African American,Fresno,CA,Murder/non-neg manslaughter,0,Anti-White,2017,HC125
Black or African American,Fresno,CA,Intimidation,0,Anti-Hispanic or Latino,2017,HC126
White,Fresno,CA,Simple asslt,1,Anti-Black or African American,2017,HC127
White,Fresno,CA,Agg asslt,0,Anti-American Indian or Alaska Native,2017,HC128
White,Fresno,CA,Simple asslt,0,Anti-Black or African American,2017,HC129
Unknown,Fresno,CA,Destruct/vandalism,0,Anti-Black or African American,2017,HC130
Unknown,Fresno,CA,Destruct/vandalism,0,Anti-Black or African American,2017,HC131
Unknown,Fresno,CA,Destruct/vandalism,0,Anti-Black or African American,2017,HC132
Multi-Racial Group,Orland,CA,Simple asslt,0,Anti-Black or African American,2017,HC133
White,Arcata,CA,Simple asslt,0,Anti-Hispanic or Latino,2017,HC134
White,Arcata,CA,Simple asslt,0,Anti-Male Homosexual,2017,HC135
Unknown,Bakersfield,CA,Agg asslt,0,Anti-Black or African American,2017,HC136
Unknown,Bakersfield,CA,Agg asslt,1,Anti-Hispanic or Latino,2017,HC137
White,Bakersfield,CA,Intimidation,0,Anti-Male Homosexual,2017,HC138
Unknown,Bakersfield,CA,Destruct/vandalism,0,Anti-Not Hispanic or Latino,2017,HC139
White,Bakersfield,CA,Intimidation,0,Anti-Black or African American,2017,HC140
White,Bakersfield,CA,Intimidation,1,Anti-Male Homosexual,2017,HC141
Black or African American,Bakersfield,CA,Robbery,0,Anti-Male Homosexual,2017,HC142
Unknown,Bakersfield,CA,Intimidation,1,Anti-Black or African American,2017,HC143
White,Bakersfield,CA,Agg asslt,0,Anti-Black or African American,2017,HC144
White,Taft,CA,Robbery,1,Anti-Hispanic or Latino,2017,HC145
White,Corcoran,CA,Simple asslt,0,Anti-Black or African American,2017,HC146
White,Lakeport,CA,Robbery,0,Anti-Male Homosexual,2017,HC147
Unknown,Lakeport,CA,Destruct/vandalism,0,Anti-Other Christian,2017,HC148
White,Lakeport,CA,Intimidation,1,"Anti-Lesbian, Gay, Bisexual, or Transgender, Mixed Group (LGBT)",2017,HC149
White,Clearlake,CA,Agg asslt,1,Anti-Other Religion,2017,HC150
White,Clearlake,CA,Intimidation,1,Anti-Male Homosexual,2017,HC151
Black or African American,Los Angeles,CA,Simple asslt,0,Anti-Male Homosexual,2017,HC152
Unknown,Los Angeles,CA,Destruct/vandalism,0,Anti-Catholic,2017,HC153
Unknown,Los Angeles,CA,Destruct/vandalism,1,Anti-Black or African American,2017,HC154
Unknown,Los Angeles,CA,Simple asslt,0,Anti-Female Homosexual,2017,HC155
Unknown,Los Angeles,CA,Destruct/vandalism,0,Anti-Not Hispanic or Latino,2017,HC156
Unknown,Los Angeles,CA,Destruct/vandalism,0,Anti-Protestant,2017,HC157
Unknown,Los Angeles,CA,Intimidation,0,Anti-Islamic,2017,HC158
Unknown,Los Angeles,CA,Robbery,0,Anti-Not Hispanic or Latino,2017,HC159
Multi-Racial Group,Los Angeles,CA,Agg asslt,0,Anti-Black or African American,2017,HC160
Unknown,Los Angeles,CA,Agg asslt,0,Anti-Male Homosexual,2017,HC161
Unknown,Los Angeles,CA,Destruct/vandalism,1,Anti-Islamic,2017,HC162
Unknown,Los Angeles,CA,Intimidation,0,Anti-Hispanic or Latino,2017,HC163
Unknown,Los Angeles,CA,Agg asslt,0,Anti-Black or African American,2017,HC164
Unknown,Los Angeles,CA,Robbery,0,Anti-Male Homosexual,2017,HC165
Unknown,Los Angeles,CA,Intimidation,0,Anti-Islamic,2017,HC166
Multi-Racial Group,Alhambra,CA,Simple asslt,0,Anti-Gender Non-Conforming,2017,HC167
Unknown,Alhambra,CA,Destruct/vandalism,0,Anti-Asian,2017,HC168
White,Azusa,CA,Simple asslt,0,Anti-Black or African American,2017,HC169
Unknown,Azusa,CA,Destruct/vandalism,0,Anti-Black or African American,2017,HC170
Unknown,Monterey Park,CA,Destruct/vandalism,0,Anti-Islamic,2017,HC171
White,Bell Gardens,CA,Simple asslt,1,Anti-Black or African American,2017,HC172
White,Beverly Hills,CA,Simple asslt,0,Anti-Hispanic or Latino,2017,HC173
White,Beverly Hills,CA,Simple asslt,0,Anti-Black or African American,2017,HC174
White,Burbank,CA,Destruct/vandalism,1,Anti-Male Homosexual,2017,HC175
White,Burbank,CA,Intimidation,0,Anti-Black or African American,2017,HC176
White,Burbank,CA,Destruct/vandalism,0,Anti-Catholic,2017,HC177
White,Burbank,CA,Destruct/vandalism,1,Anti-Catholic,2017,HC178
White,Burbank,CA,Destruct/vandalism,1,Anti-Catholic,2017,HC179
White,Burbank,CA,Destruct/vandalism,1,Anti-Catholic,2017,HC180
White,Burbank,CA,Destruct/vandalism,1,Anti-Catholic,2017,HC181
White,Burbank,CA,Destruct/vandalism,1,Anti-Catholic,2017,HC182
Multi-Racial Group,Covina,CA,Destruct/vandalism,0,Anti-Male Homosexual,2017,HC183
White,West Hollywood,CA,Simple asslt,0,Anti-Male Homosexual,2017,HC184
White,West Hollywood,CA,Simple asslt,0,Anti-Male Homosexual,2017,HC185
White,West Hollywood,CA,Robbery,0,Anti-Hispanic or Latino,2017,HC186
Black or African American,West Hollywood,CA,Simple asslt,0,Anti-Not Hispanic or Latino,2017,HC187
Black or African American,West Hollywood,CA,Simple asslt,0,Anti-Hispanic or Latino,2017,HC188
White,West Hollywood,CA,Agg asslt,0,Anti-Male Homosexual,2017,HC189
White,West Hollywood,CA,Simple asslt,0,Anti-Not Hispanic or Latino,2017,HC190
Black or African American,West Hollywood,CA,Robbery,0,Anti-Male Homosexual,2017,HC191
Black or African American,West Hollywood,CA,Simple asslt,0,Anti-Hispanic or Latino,2017,HC192
White,Monterey Park,CA,Simple asslt,1,Anti-Male Homosexual,2017,HC193
Unknown,Monterey Park,CA,Destruct/vandalism,1,Anti-Not Hispanic or Latino,2017,HC194
Unknown,Monterey Park,CA,Destruct/vandalism,1,Anti-Male Homosexual,2017,HC195
Unknown,Monterey Park,CA,Destruct/vandalism,1,Anti-Jewish,2017,HC196
White,Monterey Park,CA,Agg asslt,0,Anti-Male Homosexual,2017,HC197
Unknown,Monterey Park,CA,Intimidation,0,Anti-Black or African American,2017,HC198
Unknown,Monterey Park,CA,Destruct/vandalism,0,Anti-Protestant,2017,HC199
Unknown,Monterey Park,CA,Destruct/vandalism,0,Anti-Protestant,2017,HC200
Unknown,Monterey Park,CA,Intimidation,1,Anti-Jewish,2017,HC201
White,Monterey Park,CA,Simple asslt,0,Anti-Hispanic or Latino,2017,HC202
Unknown,Monterey Park,CA,Burg/B & E,0,Anti-Black or African American,2017,HC203
Unknown,Monterey Park,CA,Robbery,0,Anti-Multi-Religious,2017,HC204
White,Monterey Park,CA,Simple asslt,0,Anti-Hispanic or Latino,2017,HC205
Unknown,Monterey Park,CA,Destruct/vandalism,0,Anti-Black or African American,2017,HC206
Unknown,Monterey Park,CA,Destruct/vandalism,0,Anti-Black or African American,2017,HC207
Multi-Racial Group,El Monte,CA,Robbery,0,Anti-Not Hispanic or Latino,2017,HC208
Multi-Racial Group,El Monte,CA,Robbery,0,Anti-Black or African American,2017,HC209
Multi-Racial Group,El Monte,CA,Agg asslt,1,Anti-Male Homosexual,2017,HC210
Multi-Racial Group,El Segundo,CA,Intimidation,0,Anti-Black or African American,2017,HC211
Unknown,Glendora,CA,Intimidation,1,Anti-Black or African American,2017,HC212
White,Monterey Park,CA,Simple asslt,0,Anti-Multi-Racial,2017,HC213
White,Monterey Park,CA,Intimidation,0,Anti-Hispanic or Latino,2017,HC214
Black or African American,Monterey Park,CA,Simple asslt,0,Anti-White,2017,HC215
Black or African American,Monterey Park,CA,Agg asslt,0,Anti-Male Homosexual,2017,HC216
Black or African American,Monterey Park,CA,Agg asslt,0,Anti-Not Hispanic or Latino,2017,HC217
Black or African American,Monterey Park,CA,Robbery,0,Anti-Male Homosexual,2017,HC218
White,Monterey Park,CA,Simple asslt,0,Anti-Hispanic or Latino,2017,HC219
Black or African American,Monterey Park,CA,Agg asslt,0,Anti-Male Homosexual,2017,HC220
Unknown,Huntington Park,CA,Destruct/vandalism,0,Anti-Catholic,2017,HC221
White,Huntington Park,CA,Agg asslt,0,Anti-Black or African American,2017,HC222
Unknown,Inglewood,CA,Burg/B & E,1,Anti-Hispanic or Latino,2017,HC223
Unknown,Inglewood,CA,Destruct/vandalism,1,Anti-Black or African American,2017,HC224
White,Monterey Park,CA,Agg asslt,0,Anti-Black or African American,2017,HC225
Unknown,Monterey Park,CA,Agg asslt,0,Anti-Black or African American,2017,HC226
Unknown,Monterey Park,CA,Robbery,0,Anti-White,2017,HC227
Unknown,Monterey Park,CA,Agg asslt,0,Anti-Black or African American,2017,HC228
White,Monterey Park,CA,Intimidation,0,Anti-Black or African American,2017,HC229
White,Monterey Park,CA,Destruct/vandalism,0,Anti-Black or African American,2017,HC230
Unknown,Monterey Park,CA,Agg asslt,0,Anti-Black or African American,2017,HC231
White,Monterey Park,CA,Intimidation,0,Anti-Hispanic or Latino,2017,HC232
Black or African American,Long Beach,CA,Agg asslt,0,Anti-Male Homosexual,2017,HC233
White,Long Beach,CA,Agg asslt,0,Anti-Black or African American,2017,HC234
Unknown,Long Beach,CA,Destruct/vandalism,0,Anti-Black or African American,2017,HC235
Unknown,Long Beach,CA,Destruct/vandalism,0,Anti-Hispanic or Latino,2017,HC236
White,Long Beach,CA,Agg asslt,0,Anti-Male Homosexual,2017,HC237
White,Long Beach,CA,Agg asslt,0,Anti-Black or African American,2017,HC238
Black or African American,Long Beach,CA,Simple asslt,0,Anti-Male Homosexual,2017,HC239
White,Long Beach,CA,Agg asslt,0,Anti-Black or African American,2017,HC240
White,Long Beach,CA,Simple asslt,0,Anti-Female Homosexual,2017,HC241
White,Long Beach,CA,Simple asslt,1,"Anti-Lesbian, Gay, Bisexual, or Transgender, Mixed Group (LGBT)",2017,HC242
Unknown,Long Beach,CA,Destruct/vandalism,0,Anti-Male Homosexual,2017,HC243
Unknown,Long Beach,CA,Intimidation,0,Anti-Jewish,2017,HC244
Unknown,Long Beach,CA,Intimidation,0,Anti-Jewish,2017,HC245
Unknown,Long Beach,CA,Destruct/vandalism,0,Anti-Jewish,2017,HC246
Unknown,Long Beach,CA,Destruct/vandalism,1,Anti-Black or African American,2017,HC247
White,Long Beach,CA,Destruct/vandalism,0,Anti-Hispanic or Latino,2017,HC248
White,Long Beach,CA,Agg asslt,0,Anti-Hispanic or Latino,2017,HC249
White,Los Angeles,CA,Destruct/vandalism,1,Anti-White,2017,HC250
White,Los Angeles,CA,Agg asslt,0,Anti-Black or African American,2017,HC251
White,Los Angeles,CA,Simple asslt,0,Anti-Asian,2017,HC252
White,Los Angeles,CA,Intimidation,1,Anti-Islamic,2017,HC253
Black or African American,Los Angeles,CA,Simple asslt,1,"Anti-Lesbian, Gay, Bisexual, or Transgender, Mixed Group (LGBT)",2017,HC254
Black or African American,Los Angeles,CA,Simple asslt,0,Anti-Male Homosexual,2017,HC255
Black or African American,Los Angeles,CA,Simple asslt,1,Anti-White,2017,HC256
Black or African American,Los Angeles,CA,Agg asslt,0,Anti-White,2017,HC257
Multi-Racial Group,Los Angeles,CA,Intimidation,1,Anti-Black or African American,2017,HC258
White,Los Angeles,CA,Destruct/vandalism,0,Anti-Hispanic or Latino,2017,HC259
White,Los Angeles,CA,Intimidation,0,Anti-Not Hispanic or Latino,2017,HC260
White,Los Angeles,CA,Intimidation,0,Anti-Not Hispanic or Latino,2017,HC261
Black or African American,Los Angeles,CA,Simple asslt,0,Anti-Hispanic or Latino,2017,HC262
Black or African American,Los Angeles,CA,Simple asslt,0,Anti-Hispanic or Latino,2017,HC263
Black or African American,Los Angeles,CA,Agg asslt,0,Anti-Hispanic or Latino,2017,HC264
Unknown,Los Angeles,CA,Agg asslt,0,Anti-Black or African American,2017,HC265
Black or African American,Los Angeles,CA,Simple asslt,0,Anti-White,2017,HC266
Black or African American,Los Angeles,CA,Robbery,0,Anti-Transgender,2017,HC267
Multi-Racial Group,Los Angeles,CA,Simple asslt,0,Anti-Male Homosexual,2017,HC268
White,Los Angeles,CA,Agg asslt,0,Anti-Male Homosexual,2017,HC269
White,Los Angeles,CA,Agg asslt,0,Anti-Hispanic or Latino,2017,HC270
Black or African American,Los Angeles,CA,Agg asslt,0,Anti-Hispanic or Latino,2017,HC271
White,Los Angeles,CA,Intimidation,0,Anti-Black or African American,2017,HC272
Unknown,Los Angeles,CA,Simple asslt,0,Anti-Transgender,2017,HC273
White,Los Angeles,CA,Simple asslt,0,"Anti-Lesbian, Gay, Bisexual, or Transgender, Mixed Group (LGBT)",2017,HC274
Black or African American,Los Angeles,CA,Intimidation,0,Anti-Hispanic or Latino,2017,HC275
Unknown,Los Angeles,CA,Destruct/vandalism,1,Anti-Male Homosexual,2017,HC276
Black or African American,Los Angeles,CA,Destruct/vandalism,0,Anti-Transgender,2017,HC277
White,Los Angeles,CA,Destruct/vandalism,0,Anti-Hispanic or Latino,2017,HC278
White,Los Angeles,CA,Intimidation,0,Anti-Black or African American,2017,HC279
Multi-Racial Group,Los Angeles,CA,Agg asslt,0,Anti-Black or African American,2017,HC280
White,Los Angeles,CA,Agg asslt,0,Anti-Male Homosexual,2017,HC281
Unknown,Los Angeles,CA,Agg asslt,0,Anti-Black or African American,2017,HC282
Unknown,Los Angeles,CA,Intimidation,0,Anti-Black or African American,2017,HC283
Multi-Racial Group,Los Angeles,CA,Agg asslt,0,Anti-Black or African American,2017,HC284
Black or African American,Los Angeles,CA,Robbery,0,"Anti-Lesbian, Gay, Bisexual, or Transgender, Mixed Group (LGBT)",2017,HC285
Unknown,Los Angeles,CA,Agg asslt,0,Anti-Male Homosexual,2017,HC286
White,Los Angeles,CA,Intimidation,1,Anti-Islamic,2017,HC287
Black or African American,Los Angeles,CA,Agg asslt,0,Anti-Male Homosexual,2017,HC288
White,Los Angeles,CA,Simple asslt,0,Anti-Black or African American,2017,HC289
White,Los Angeles,CA,Intimidation,1,Anti-Male Homosexual,2017,HC290
Black or African American,Los Angeles,CA,Intimidation,0,Anti-Hispanic or Latino,2017,HC291
Black or African American,Los Angeles,CA,Destruct/vandalism,0,Anti-Hispanic or Latino,2017,HC292
White,Los Angeles,CA,Intimidation,1,Anti-Black or African American,2017,HC293
Unknown,Los Angeles,CA,Agg asslt,0,Anti-Islamic,2017,HC294
Multi-Racial Group,Los Angeles,CA,Agg asslt,0,Anti-Black or African American,2017,HC295
Black or African American,Los Angeles,CA,Simple asslt,1,Anti-Female,2017,HC296
Black or African American,Los Angeles,CA,Agg asslt,0,"Anti-Lesbian, Gay, Bisexual, or Transgender, Mixed Group (LGBT)",2017,HC297
Multi-Racial Group,Los Angeles,CA,Intimidation,0,Anti-Black or African American,2017,HC298
Unknown,Los Angeles,CA,Intimidation,0,Anti-Male Homosexual,2017,HC299
Black or African American,Los Angeles,CA,Simple asslt,0,Anti-Transgender,2017,HC300
White,Los Angeles,CA,Agg asslt,0,Anti-Black or African American,2017,HC301
White,Los Angeles,CA,Intimidation,1,Anti-Hispanic or Latino,2017,HC302
Black or African American,Los Angeles,CA,Agg asslt,0,Anti-White,2017,HC303
White,Los Angeles,CA,Intimidation,0,Anti-Black or African American,2017,HC304
Unknown,Los Angeles,CA,Simple asslt,0,Anti-Asian,2017,HC305
Black or African American,Los Angeles,CA,Simple asslt,0,Anti-White,2017,HC306
White,Los Angeles,CA,Simple asslt,0,Anti-Islamic,2017,HC307
Black or African American,Los Angeles,CA,Simple asslt,0,Anti-Transgender,2017,HC308
Multi-Racial Group,Los Angeles,CA,Intimidation,0,Anti-Black or African American,2017,HC309
Black or African American,Los Angeles,CA,Simple asslt,0,Anti-Male Homosexual,2017,HC310
Black or African American,Los Angeles,CA,Simple asslt,0,Anti-Male Homosexual,2017,HC311
Black or African American,Los Angeles,CA,Simple asslt,0,Anti-Hispanic or Latino,2017,HC312
White,Los Angeles,CA,Intimidation,1,Anti-Male Homosexual,2017,HC313
Black or African American,Los Angeles,CA,Intimidation,0,"Anti-Lesbian, Gay, Bisexual, or Transgender, Mixed Group (LGBT)",2017,HC314
Black or African American,Los Angeles,CA,Agg asslt,0,Anti-Male Homosexual,2017,HC315
Black or African American,Los Angeles,CA,Simple asslt,0,Anti-Male Homosexual,2017,HC316
White,Los Angeles,CA,Agg asslt,1,Anti-Hispanic or Latino,2017,HC317
White,Los Angeles,CA,Simple asslt,0,Anti-Black or African American,2017,HC318
Unknown,Los Angeles,CA,Simple asslt,0,Anti-Hispanic or Latino,2017,HC319
White,Los Angeles,CA,Simple asslt,0,Anti-Male Homosexual,2017,HC320
White,Los Angeles,CA,Agg asslt,0,Anti-Black or African American,2017,HC321
White,Los Angeles,CA,Destruct/vandalism,0,Anti-Not Hispanic or Latino,2017,HC322
White,Los Angeles,CA,Agg asslt,0,Anti-Male Homosexual,2017,HC323
Black or African American,Los Angeles,CA,Intimidation,0,Anti-Male Homosexual,2017,HC324
White,Los Angeles,CA,Intimidation,0,Anti-Black or African American,2017,HC325
Black or African American,Los Angeles,CA,Agg asslt,0,Anti-Male Homosexual,2017,HC326
White,Los Angeles,CA,Robbery,0,Anti-Male Homosexual,2017,HC327
White,Los Angeles,CA,Robbery,0,Anti-Male Homosexual,2017,HC328
Unknown,Los Angeles,CA,Intimidation,1,Anti-Jewish,2017,HC329
Unknown,Los Angeles,CA,Destruct/vandalism,1,Anti-Black or African American,2017,HC330
Black or African American,Los Angeles,CA,Agg asslt,0,Anti-Transgender,2017,HC331
White,Los Angeles,CA,Destruct/vandalism,1,Anti-White,2017,HC332
Unknown,Los Angeles,CA,Destruct/vandalism,1,Anti-Male Homosexual,2017,HC333
Unknown,Los Angeles,CA,Agg asslt,0,Anti-Black or African American,2017,HC334
Black or African American,Los Angeles,CA,Agg asslt,0,Anti-Male Homosexual,2017,HC335
Black or African American,Los Angeles,CA,Simple asslt,0,Anti-Hispanic or Latino,2017,HC336
White,Los Angeles,CA,Simple asslt,0,Anti-Transgender,2017,HC337
Unknown,Los Angeles,CA,Simple asslt,0,Anti-Hispanic or Latino,2017,HC338
Black or African American,Los Angeles,CA,Agg asslt,0,Anti-Transgender,2017,HC339
White,Los Angeles,CA,Agg asslt,0,Anti-Male Homosexual,2017,HC340
Black or African American,Los Angeles,CA,Robbery,0,"Anti-Lesbian, Gay, Bisexual, or Transgender, Mixed Group (LGBT)",2017,HC341
White,Los Angeles,CA,Intimidation,0,Anti-Black or African American,2017,HC342
Unknown,Los Angeles,CA,Destruct/vandalism,1,Anti-Black or African American,2017,HC343
Unknown,Los Angeles,CA,Burg/B & E,1,Anti-Jewish,2017,HC344
Unknown,Los Angeles,CA,Burg/B & E,0,Anti-Jewish,2017,HC345
Unknown,Los Angeles,CA,Destruct/vandalism,0,Anti-Female Homosexual,2017,HC346
Unknown,Los Angeles,CA,Destruct/vandalism,0,Anti-Not Hispanic or Latino,2017,HC347
Unknown,Los Angeles,CA,Destruct/vandalism,1,Anti-Black or African American,2017,HC348
Unknown,Los Angeles,CA,Destruct/vandalism,0,Anti-Black or African American,2017,HC349
Multi-Racial Group,Los Angeles,CA,Agg asslt,0,Anti-Black or African American,2017,HC350
White,Los Angeles,CA,Agg asslt,0,Anti-Black or African American,2017,HC351
Black or African American,Los Angeles,CA,Simple asslt,0,Anti-Hispanic or Latino,2017,HC352
Black or African American,Los Angeles,CA,Simple asslt,0,Anti-Hispanic or Latino,2017,HC353
White,Los Angeles,CA,Agg asslt,0,Anti-Black or African American,2017,HC354
White,Los Angeles,CA,Destruct/vandalism,1,Anti-Male Homosexual,2017,HC355
Unknown,Los Angeles,CA,Destruct/vandalism,0,Anti-Jewish,2017,HC356
Black or African American,Los Angeles,CA,Agg asslt,0,Anti-Female Homosexual,2017,HC357
Black or African American,Los Angeles,CA,Intimidation,0,Anti-Asian,2017,HC358
White,Los Angeles,CA,Agg asslt,0,Anti-Male Homosexual,2017,HC359
White,Los Angeles,CA,Agg asslt,0,Anti-Black or African American,2017,HC360
Unknown,Los Angeles,CA,Simple asslt,0,Anti-Transgender,2017,HC361
Unknown,Los Angeles,CA,Intimidation,0,Anti-Male Homosexual,2017,HC362
Unknown,Los Angeles,CA,Destruct/vandalism,1,Anti-Black or African American,2017,HC363
Black or African American,Los Angeles,CA,Agg asslt,0,Anti-Male Homosexual,2017,HC364
Unknown,Los Angeles,CA,Intimidation,1,Anti-Black or African American,2017,HC365
White,Los Angeles,CA,Simple asslt,1,"Anti-Lesbian, Gay, Bisexual, or Transgender, Mixed Group (LGBT)",2017,HC366
White,Los Angeles,CA,Simple asslt,0,Anti-Asian,2017,HC367
Black or African American,Los Angeles,CA,Intimidation,1,Anti-Male Homosexual,2017,HC368
Black or African American,Los Angeles,CA,Agg asslt,1,"Anti-Lesbian, Gay, Bisexual, or Transgender, Mixed Group (LGBT)",2017,HC369
Unknown,Los Angeles,CA,Destruct/vandalism,0,Anti-Black or African American,2017,HC370
White,Los Angeles,CA,Simple asslt,0,Anti-Black or African American,2017,HC371
Multi-Racial Group,Los Angeles,CA,Intimidation,0,Anti-Black or African American,2017,HC372
Black or African American,Los Angeles,CA,Simple asslt,0,Anti-Not Hispanic or Latino,2017,HC373
White,Los Angeles,CA,Simple asslt,0,Anti-Hispanic or Latino,2017,HC374
Black or African American,Los Angeles,CA,Simple asslt,0,Anti-Not Hispanic or Latino,2017,HC375
Black or African American,Los Angeles,CA,Simple asslt,0,Anti-Male Homosexual,2017,HC376
White,Los Angeles,CA,Simple asslt,1,Anti-Heterosexual,2017,HC377
White,Los Angeles,CA,Intimidation,0,Anti-Bisexual,2017,HC378
Unknown,Los Angeles,CA,Destruct/vandalism,0,Anti-Not Hispanic or Latino,2017,HC379
Multi-Racial Group,Los Angeles,CA,Intimidation,0,Anti-Male Homosexual,2017,HC380
White,Los Angeles,CA,Agg asslt,0,Anti-Black or African American,2017,HC381
Black or African American,Los Angeles,CA,Intimidation,1,Anti-Male Homosexual,2017,HC382
Black or African American,Los Angeles,CA,Agg asslt,0,Anti-Male Homosexual,2017,HC383
White,Los Angeles,CA,Robbery,0,Anti-Black or African American,2017,HC384
White,Los Angeles,CA,Destruct/vandalism,0,Anti-Sikh,2017,HC385
Unknown,Los Angeles,CA,Intimidation,0,Anti-Jewish,2017,HC386
Unknown,Los Angeles,CA,Destruct/vandalism,1,Anti-Male Homosexual,2017,HC387
Unknown,Los Angeles,CA,Destruct/vandalism,0,Anti-Islamic,2017,HC388
White,Los Angeles,CA,Agg asslt,0,Anti-Black or African American,2017,HC389
Unknown,Los Angeles,CA,Destruct/vandalism,1,Anti-Jewish,2017,HC390
Asian,Los Angeles,CA,Agg asslt,0,Anti-Asian,2017,HC391
Unknown,Los Angeles,CA,Intimidation,0,Anti-Arab,2017,HC392
Unknown,Los Angeles,CA,Destruct/vandalism,0,Anti-Black or African American,2017,HC393
White,Los Angeles,CA,Simple asslt,0,Anti-Male Homosexual,2017,HC394
Unknown,Los Angeles,CA,Burg/B & E,1,Anti-Male Homosexual,2017,HC395
Unknown,Los Angeles,CA,Intimidation,0,Anti-Black or African American,2017,HC396
Unknown,Los Angeles,CA,Destruct/vandalism,1,Anti-Male Homosexual,2017,HC397
Unknown,Los Angeles,CA,Intimidation,1,Anti-Transgender,2017,HC398
Unknown,Los Angeles,CA,Destruct/vandalism,1,Anti-Asian,2017,HC399
Unknown,Los Angeles,CA,Destruct/vandalism,0,Anti-Catholic,2017,HC400
Unknown,Los Angeles,CA,Intimidation,0,Anti-Jewish,2017,HC401
Unknown,Los Angeles,CA,Destruct/vandalism,1,Anti-Male Homosexual,2017,HC402
Unknown,Los Angeles,CA,Destruct/vandalism,1,Anti-Jewish,2017,HC403
Unknown,Los Angeles,CA,Destruct/vandalism,0,Anti-Black or African American,2017,HC404
Unknown,Los Angeles,CA,Destruct/vandalism,0,Anti-Jewish,2017,HC405
Unknown,Los Angeles,CA,Destruct/vandalism,1,Anti-Jewish,2017,HC406
Multi-Racial Group,Los Angeles,CA,Agg asslt,0,Anti-Black or African American,2017,HC407
Unknown,Los Angeles,CA,Destruct/vandalism,0,Anti-Jewish,2017,HC408
Unknown,Los Angeles,CA,Destruct/vandalism,1,Anti-Jewish,2017,HC409
Unknown,Los Angeles,CA,Destruct/vandalism,0,Anti-Jewish,2017,HC410
Unknown,Los Angeles,CA,Destruct/vandalism,0,Anti-Black or African American,2017,HC411
Black or African American,Los Angeles,CA,Destruct/vandalism,0,Anti-Asian,2017,HC412
White,Los Angeles,CA,All other larceny,0,Anti-Male Homosexual,2017,HC413
Multi-Racial Group,Los Angeles,CA,Agg asslt,0,Anti-Male Homosexual,2017,HC414
Multi-Racial Group,Los Angeles,CA,Agg asslt,0,Anti-Male Homosexual,2017,HC415
Unknown,Los Angeles,CA,Intimidation,1,Anti-Hindu,2017,HC416
Unknown,Los Angeles,CA,Intimidation,0,Anti-Asian,2017,HC417
Black or African American,Los Angeles,CA,Intimidation,1,Anti-Male Homosexual,2017,HC418
Unknown,Los Angeles,CA,Intimidation,1,Anti-Male Homosexual,2017,HC419
Unknown,Los Angeles,CA,Intimidation,0,Anti-Jewish,2017,HC420
Black or African American,Los Angeles,CA,Simple asslt,0,Anti-Asian,2017,HC421
Unknown,Los Angeles,CA,Destruct/vandalism,0,Anti-Not Hispanic or Latino,2017,HC422
White,Los Angeles,CA,Intimidation,0,Anti-Black or African American,2017,HC423
White,Los Angeles,CA,Simple asslt,0,Anti-Male Homosexual,2017,HC424
Unknown,Los Angeles,CA,All other larceny,1,Anti-Black or African American,2017,HC425
Unknown,Los Angeles,CA,Destruct/vandalism,0,Anti-Black or African American,2017,HC426
Unknown,Los Angeles,CA,Destruct/vandalism,1,Anti-Jewish,2017,HC427
Unknown,Los Angeles,CA,Destruct/vandalism,0,Anti-Jewish,2017,HC428
Unknown,Los Angeles,CA,Destruct/vandalism,1,Anti-Black or African American,2017,HC429
Unknown,Los Angeles,CA,Intimidation,1,Anti-Islamic,2017,HC430
White,Los Angeles,CA,Intimidation,0,Anti-Black or African American,2017,HC431
Multi-Racial Group,Los Angeles,CA,Agg asslt,1,Anti-Male Homosexual,2017,HC432
White,Los Angeles,CA,Simple asslt,1,Anti-Hispanic or Latino,2017,HC433
Unknown,Los Angeles,CA,Destruct/vandalism,0,Anti-Jewish,2017,HC434
Unknown,Los Angeles,CA,Destruct/vandalism,1,Anti-Male Homosexual,2017,HC435
Black or African American,Los Angeles,CA,Intimidation,0,Anti-Male Homosexual,2017,HC436
Unknown,Los Angeles,CA,Intimidation,0,Anti-Other Religion,2017,HC437
Unknown,Los Angeles,CA,Intimidation,1,Anti-Male Homosexual,2017,HC438
Unknown,Los Angeles,CA,Destruct/vandalism,0,Anti-Jewish,2017,HC439
Unknown,Los Angeles,CA,Destruct/vandalism,0,Anti-Black or African American,2017,HC440
Black or African American,Los Angeles,CA,Intimidation,0,Anti-Male Homosexual,2017,HC441
Unknown,Los Angeles,CA,Destruct/vandalism,0,Anti-Jewish,2017,HC442
White,Los Angeles,CA,Destruct/vandalism,0,Anti-Not Hispanic or Latino,2017,HC443
Unknown,Los Angeles,CA,Destruct/vandalism,0,Anti-Hispanic or Latino,2017,HC444
Black or African American,Los Angeles,CA,Simple asslt,1,Anti-Male Homosexual,2017,HC445
Unknown,Los Angeles,CA,Destruct/vandalism,1,Anti-Black or African American,2017,HC446
Unknown,Los Angeles,CA,Destruct/vandalism,0,Anti-Hispanic or Latino,2017,HC447
Multi-Racial Group,Los Angeles,CA,Agg asslt,0,"Anti-Lesbian, Gay, Bisexual, or Transgender, Mixed Group (LGBT)",2017,HC448
White,Los Angeles,CA,Agg asslt,0,Anti-Black or African American,2017,HC449
Black or African American,Los Angeles,CA,Agg asslt,0,Anti-Hispanic or Latino,2017,HC450
Unknown,Los Angeles,CA,Destruct/vandalism,0,Anti-Hispanic or Latino,2017,HC451
White,Los Angeles,CA,Intimidation,0,Anti-Catholic,2017,HC452
Unknown,Los Angeles,CA,Destruct/vandalism,0,Anti-White,2017,HC453
Unknown,Los Angeles,CA,Destruct/vandalism,0,Anti-Jewish,2017,HC454
Unknown,Los Angeles,CA,Destruct/vandalism,0,Anti-Jewish,2017,HC455
Black or African American,Los Angeles,CA,Agg asslt,1,Anti-Female Homosexual,2017,HC456
Unknown,Los Angeles,CA,Destruct/vandalism,0,Anti-Black or African American,2017,HC457
Unknown,Los Angeles,CA,Arson,1,Anti-Male Homosexual,2017,HC458
Unknown,Los Angeles,CA,Destruct/vandalism,0,Anti-Black or African American,2017,HC459
White,Los Angeles,CA,Intimidation,1,Anti-Female Homosexual,2017,HC460
Unknown,Los Angeles,CA,Destruct/vandalism,0,Anti-Male Homosexual,2017,HC461
Unknown,Los Angeles,CA,Intimidation,0,Anti-Black or African American,2017,HC462
Unknown,Los Angeles,CA,Destruct/vandalism,0,Anti-Black or African American,2017,HC463
White,Los Angeles,CA,Simple asslt,0,Anti-Male Homosexual,2017,HC464
Unknown,Los Angeles,CA,Destruct/vandalism,0,Anti-Not Hispanic or Latino,2017,HC465
Black or African American,Los Angeles,CA,Agg asslt,1,Anti-Male Homosexual,2017,HC466
Black or African American,Los Angeles,CA,Agg asslt,0,Anti-Transgender,2017,HC467
Black or African American,Los Angeles,CA,Simple asslt,0,Anti-Hispanic or Latino,2017,HC468
Unknown,Los Angeles,CA,Destruct/vandalism,0,Anti-Islamic,2017,HC469
Black or African American,Los Angeles,CA,Simple asslt,0,Anti-White,2017,HC470
Black or African American,Los Angeles,CA,Intimidation,1,Anti-Male Homosexual,2017,HC471
White,Los Angeles,CA,Destruct/vandalism,0,Anti-Not Hispanic or Latino,2017,HC472
White,Los Angeles,CA,Destruct/vandalism,1,Anti-Jewish,2017,HC473
Unknown,Los Angeles,CA,Destruct/vandalism,1,Anti-Male Homosexual,2017,HC474
Unknown,Los Angeles,CA,Destruct/vandalism,1,Anti-Not Hispanic or Latino,2017,HC475
Unknown,Los Angeles,CA,Destruct/vandalism,0,Anti-Black or African American,2017,HC476
Unknown,Los Angeles,CA,Simple asslt,0,Anti-Male Homosexual,2017,HC477
Unknown,Los Angeles,CA,Destruct/vandalism,1,Anti-Islamic,2017,HC478
Unknown,Los Angeles,CA,Agg asslt,1,Anti-Black or African American,2017,HC479
Unknown,Los Angeles,CA,Destruct/vandalism,0,Anti-Jewish,2017,HC480
Unknown,Los Angeles,CA,Destruct/vandalism,0,Anti-Jewish,2017,HC481
Unknown,Los Angeles,CA,Destruct/vandalism,0,Anti-Jewish,2017,HC482
White,Los Angeles,CA,Intimidation,1,Anti-Black or African American,2017,HC483
White,Los Angeles,CA,Simple asslt,1,"Anti-Lesbian, Gay, Bisexual, or Transgender, Mixed Group (LGBT)",2017,HC484
Unknown,Los Angeles,CA,Destruct/vandalism,0,Anti-Male Homosexual,2017,HC485
White,Los Angeles,CA,Simple asslt,0,Anti-Male Homosexual,2017,HC486
Black or African American,Los Angeles,CA,Intimidation,0,Anti-Male Homosexual,2017,HC487
Unknown,Los Angeles,CA,Destruct/vandalism,1,Anti-Male Homosexual,2017,HC488
Unknown,Los Angeles,CA,Destruct/vandalism,0,Anti-Hispanic or Latino,2017,HC489
Unknown,Los Angeles,CA,Intimidation,1,Anti-Male Homosexual,2017,HC490
Unknown,Los Angeles,CA,Destruct/vandalism,0,Anti-Multi-Racial,2017,HC491
Black or African American,Los Angeles,CA,Agg asslt,0,"Anti-Lesbian, Gay, Bisexual, or Transgender, Mixed Group (LGBT)",2017,HC492
Black or African American,Los Angeles,CA,Agg asslt,0,Anti-Hispanic or Latino,2017,HC493
Unknown,Los Angeles,CA,Destruct/vandalism,0,Anti-Jewish,2017,HC494
White,Los Angeles,CA,Intimidation,0,Anti-Hispanic or Latino,2017,HC495
White,Los Angeles,CA,Intimidation,0,Anti-Hispanic or Latino,2017,HC496
White,Los Angeles,CA,Agg asslt,1,"Anti-Lesbian, Gay, Bisexual, or Transgender, Mixed Group (LGBT)",2017,HC497
Black or African American,Manhattan Beach,CA,Destruct/vandalism,0,Anti-Male Homosexual,2017,HC498
Multi-Racial Group,Monterey Park,CA,Simple asslt,0,Anti-Black or African American,2017,HC499
Unknown,Monterey Park,CA,Destruct/vandalism,0,Anti-Islamic,2017,HC500
White,Monterey Park,CA,Destruct/vandalism,0,Anti-Black or African American,2017,HC501
White,Monterey Park,CA,Destruct/vandalism,0,Anti-Black or African American,2017,HC502
Unknown,Monterey Park,CA,Agg asslt,0,Anti-Male Homosexual,2017,HC503
Unknown,Monterey Park,CA,Destruct/vandalism,1,Anti-Black or African American,2017,HC504
Unknown,Monterey Park,CA,Destruct/vandalism,1,Anti-Black or African American,2017,HC505
Unknown,Monterey Park,CA,Simple asslt,0,Anti-Black or African American,2017,HC506
Black or African American,Monterey Park,CA,Simple asslt,0,Anti-White,2017,HC507
Unknown,Pasadena,CA,Destruct/vandalism,0,Anti-Black or African American,2017,HC508
Unknown,Pasadena,CA,Destruct/vandalism,0,Anti-Other Religion,2017,HC509
Multi-Racial Group,Pasadena,CA,Agg asslt,0,Anti-Transgender,2017,HC510
Unknown,Monterey Park,CA,Destruct/vandalism,1,Anti-Male Homosexual,2017,HC511
Unknown,Monterey Park,CA,Agg asslt,0,Anti-Transgender,2017,HC512
Unknown,Monterey Park,CA,Destruct/vandalism,1,Anti-Male Homosexual,2017,HC513
Multi-Racial Group,Pomona,CA,Intimidation,1,Anti-Male Homosexual,2017,HC514
Multi-Racial Group,Pomona,CA,Agg asslt,0,Anti-Hispanic or Latino,2017,HC515
Unknown,Pomona,CA,Destruct/vandalism,0,Anti-Multi-Religious,2017,HC516
Unknown,San Fernando,CA,Destruct/vandalism,0,Anti-Other Christian,2017,HC517
Multi-Racial Group,San Gabriel,CA,Destruct/vandalism,0,Anti-Asian,2017,HC518
Unknown,San Gabriel,CA,Destruct/vandalism,0,Anti-Catholic,2017,HC519
Unknown,Santa Monica,CA,Agg asslt,0,Anti-Black or African American,2017,HC520
Unknown,Santa Monica,CA,Simple asslt,0,Anti-Male Homosexual,2017,HC521
Unknown,Santa Monica,CA,Agg asslt,0,Anti-Black or African American,2017,HC522
Multi-Racial Group,South Gate,CA,Robbery,0,Anti-Black or African American,2017,HC523
White,Torrance,CA,Agg asslt,0,Anti-Black or African American,2017,HC524
Black or African American,Torrance,CA,Simple asslt,0,Anti-Male Homosexual,2017,HC525
Unknown,Torrance,CA,Destruct/vandalism,1,Anti-Arab,2017,HC526
Multi-Racial Group,Torrance,CA,Agg asslt,1,Anti-Arab,2017,HC527
White,Torrance,CA,Simple asslt,0,Anti-Black or African American,2017,HC528
Unknown,Vernon,CA,Destruct/vandalism,0,Anti-Jewish,2017,HC529
Unknown,Monterey Park,CA,Destruct/vandalism,0,Anti-Black or African American,2017,HC530
Unknown,West Covina,CA,Destruct/vandalism,0,Anti-Catholic,2017,HC531
Unknown,West Covina,CA,Destruct/vandalism,0,Anti-Catholic,2017,HC532
Unknown,West Covina,CA,Destruct/vandalism,0,Anti-Catholic,2017,HC533
Unknown,Monterey Park,CA,Intimidation,0,Anti-Jewish,2017,HC534
Unknown,Carson,CA,Destruct/vandalism,0,Anti-Black or African American,2017,HC535
Unknown,Carson,CA,Destruct/vandalism,0,Anti-Multi-Racial,2017,HC536
White,Long Beach,CA,Intimidation,0,Anti-Hispanic or Latino,2017,HC537
Unknown,Long Beach,CA,Destruct/vandalism,0,Anti-Jewish,2017,HC538
Unknown,Long Beach,CA,Destruct/vandalism,0,Anti-Jewish,2017,HC539
Unknown,Monterey Park,CA,Destruct/vandalism,1,Anti-Female,2017,HC540
Unknown,Monterey Park,CA,Destruct/vandalism,1,Anti-Female,2017,HC541
Unknown,Monterey Park,CA,Destruct/vandalism,1,Anti-Female,2017,HC542
White,Monterey Park,CA,Intimidation,1,Anti-Hispanic or Latino,2017,HC543
White,Monterey Park,CA,Intimidation,1,Anti-Black or African American,2017,HC544
Unknown,Monterey Park,CA,Burg/B & E,1,Anti-Black or African American,2017,HC545
Black or African American,Monterey Park,CA,Agg asslt,1,Anti-Female Homosexual,2017,HC546
Black or African American,Monterey Park,CA,Agg asslt,0,Anti-Male Homosexual,2017,HC547
White,Monterey Park,CA,Destruct/vandalism,0,Anti-Black or African American,2017,HC548
White,Monterey Park,CA,Destruct/vandalism,0,Anti-Black or African American,2017,HC549
Unknown,Los Angeles,CA,Destruct/vandalism,0,Anti-Black or African American,2017,HC550
Unknown,Los Angeles,CA,Destruct/vandalism,1,Anti-Black or African American,2017,HC551
Unknown,Los Angeles,CA,Destruct/vandalism,0,Anti-Islamic,2017,HC552
White,Los Angeles,CA,Agg asslt,0,Anti-Black or African American,2017,HC553
Unknown,Los Angeles,CA,Destruct/vandalism,0,"Anti-Lesbian, Gay, Bisexual, or Transgender, Mixed Group (LGBT)",2017,HC554
White,San Rafael,CA,Simple asslt,0,Anti-Islamic,2017,HC555
White,Novato,CA,Intimidation,1,Anti-Not Hispanic or Latino,2017,HC556
White,Novato,CA,Simple asslt,0,Anti-Hispanic or Latino,2017,HC557
Unknown,San Rafael,CA,Agg asslt,0,Anti-Black or African American,2017,HC558
White,San Rafael,CA,Intimidation,0,Anti-Hispanic or Latino,2017,HC559
White,San Rafael,CA,Intimidation,0,Anti-Hispanic or Latino,2017,HC560
Unknown,San Rafael,CA,Destruct/vandalism,0,Anti-Asian,2017,HC561
Unknown,San Anselmo,CA,Destruct/vandalism,0,Anti-Jewish,2017,HC562
Unknown,San Anselmo,CA,Destruct/vandalism,0,Anti-Jewish,2017,HC563
American Indian/Alaska Native,Ukiah,CA,Arson,1,Anti-Hispanic or Latino,2017,HC564
White,Fort Bragg,CA,Intimidation,1,Anti-Black or African American,2017,HC565
Unknown,Fort Bragg,CA,Destruct/vandalism,0,Anti-Protestant,2017,HC566
Multi-Racial Group,Atwater,CA,Simple asslt,0,Anti-Transgender,2017,HC567
Black or African American,Merced,CA,Simple asslt,0,Anti-Arab,2017,HC568
Multi-Racial Group,Salinas,CA,Agg asslt,0,Anti-Black or African American,2017,HC569
White,Gonzales,CA,Intimidation,1,Anti-Hispanic or Latino,2017,HC570
Multi-Racial Group,Monterey,CA,Intimidation,0,Anti-Male Homosexual,2017,HC571
White,Monterey,CA,Simple asslt,1,Anti-Asian,2017,HC572
White,Pacific Grove,CA,Agg asslt,0,Anti-Jehovah's Witness,2017,HC573
Unknown,Salinas,CA,Destruct/vandalism,0,Anti-Female Homosexual,2017,HC574
Unknown,Seaside,CA,Destruct/vandalism,0,Anti-Black or African American,2017,HC575
Unknown,Seaside,CA,Destruct/vandalism,0,Anti-Male Homosexual,2017,HC576
White,Saint Helena,CA,Intimidation,1,Anti-Hispanic or Latino,2017,HC577
Unknown,Saint Helena,CA,Destruct/vandalism,0,Anti-White,2017,HC578
Unknown,Nevada City,CA,Simple asslt,0,Anti-Female Homosexual,2017,HC579
White,Anaheim,CA,Agg asslt,1,Anti-Male Homosexual,2017,HC580
Unknown,Buena Park,CA,Destruct/vandalism,0,Anti-Arab,2017,HC581
Unknown,Costa Mesa,CA,Destruct/vandalism,0,Anti-Multi-Racial,2017,HC582
White,Costa Mesa,CA,Robbery,0,Anti-Black or African American,2017,HC583
Unknown,Garden Grove,CA,All other larceny,1,Anti-Hispanic or Latino,2017,HC584
Unknown,Garden Grove,CA,Arson,1,Anti-Not Hispanic or Latino,2017,HC585
Unknown,Garden Grove,CA,Intimidation,0,Anti-Hispanic or Latino,2017,HC586
White,Garden Grove,CA,Simple asslt,0,Anti-Transgender,2017,HC587
Black or African American,Garden Grove,CA,Agg asslt,1,Anti-Black or African American,2017,HC588
Unknown,Garden Grove,CA,Simple asslt,0,Anti-Asian,2017,HC589
White,Garden Grove,CA,Intimidation,0,Anti-Hispanic or Latino,2017,HC590
Black or African American,Garden Grove,CA,Robbery,0,Anti-White,2017,HC591
Black or African American,Huntington Beach,CA,Simple asslt,0,Anti-White,2017,HC592
White,Huntington Beach,CA,Agg asslt,0,Anti-Black or African American,2017,HC593
White,Laguna Beach,CA,Destruct/vandalism,0,Anti-Black or African American,2017,HC594
Unknown,Laguna Beach,CA,Simple asslt,0,Anti-Arab,2017,HC595
Multi-Racial Group,La Habra,CA,Intimidation,0,Anti-Black or African American,2017,HC596
Unknown,Newport Beach,CA,Destruct/vandalism,0,Anti-Black or African American,2017,HC597
White,Orange,CA,Intimidation,0,Anti-Black or African American,2017,HC598
Unknown,Placentia,CA,Destruct/vandalism,0,Anti-Not Hispanic or Latino,2017,HC599
White,San Clemente,CA,Destruct/vandalism,1,Anti-Arab,2017,HC600
Unknown,Santa Ana,CA,Destruct/vandalism,0,Anti-White,2017,HC601
Unknown,Santa Ana,CA,Destruct/vandalism,0,Anti-Protestant,2017,HC602
Unknown,Santa Ana,CA,Destruct/vandalism,0,Anti-Other Religion,2017,HC603
Multi-Racial Group,Tustin,CA,Destruct/vandalism,1,Anti-Black or African American,2017,HC604
White,Westminster,CA,Destruct/vandalism,0,Anti-Islamic,2017,HC605
Unknown,Westminster,CA,Intimidation,0,Anti-Islamic,2017,HC606
White,Westminster,CA,Simple asslt,0,Anti-Black or African American,2017,HC607
White,Westminster,CA,Simple asslt,0,Anti-Hispanic or Latino,2017,HC608
Unknown,Brea,CA,Intimidation,1,Anti-Jewish,2017,HC609
Black or African American,Irvine,CA,Intimidation,0,Anti-Not Hispanic or Latino,2017,HC610
White,Irvine,CA,Simple asslt,0,Anti-Arab,2017,HC611
Unknown,Irvine,CA,Burg/B & E,1,Anti-Asian,2017,HC612
White,Irvine,CA,Agg asslt,0,Anti-Black or African American,2017,HC613
White,Santa Ana,CA,Robbery,0,Anti-Hispanic or Latino,2017,HC614
Unknown,Roseville,CA,Destruct/vandalism,0,Anti-Islamic,2017,HC615
Unknown,Roseville,CA,Destruct/vandalism,0,Anti-Black or African American,2017,HC616
Unknown,Roseville,CA,Intimidation,0,Anti-Black or African American,2017,HC617
Unknown,Roseville,CA,Destruct/vandalism,0,Anti-Multi-Racial,2017,HC618
Unknown,Roseville,CA,Intimidation,1,Anti-Other Religion,2017,HC619
Unknown,Roseville,CA,Destruct/vandalism,0,Anti-Jewish,2017,HC620
Unknown,Roseville,CA,Destruct/vandalism,0,Anti-Black or African American,2017,HC621
Unknown,Roseville,CA,Destruct/vandalism,0,Anti-Jewish,2017,HC622
Unknown,Roseville,CA,Destruct/vandalism,0,Anti-Jewish,2017,HC623
White,Roseville,CA,Intimidation,0,Anti-Male Homosexual,2017,HC624
White,Roseville,CA,Destruct/vandalism,0,Anti-Black or African American,2017,HC625
White,Roseville,CA,Intimidation,0,Anti-Black or African American,2017,HC626
Unknown,Roseville,CA,Intimidation,1,Anti-Black or African American,2017,HC627
White,Roseville,CA,Destruct/vandalism,1,Anti-Black or African American,2017,HC628
Unknown,Roseville,CA,Intimidation,0,Anti-Jewish,2017,HC629
White,Roseville,CA,Simple asslt,0,Anti-Black or African American,2017,HC630
Unknown,Roseville,CA,Destruct/vandalism,0,Anti-Black or African American,2017,HC631
White,Roseville,CA,Intimidation,0,Anti-Multi-Racial,2017,HC632
White,Quincy,CA,Agg asslt,0,Anti-Black or African American,2017,HC633
Unknown,Riverside,CA,Destruct/vandalism,1,Anti-Black or African American,2017,HC634
Unknown,Desert Hot Springs,CA,Agg asslt,0,Anti-Black or African American,2017,HC635
White,Indio,CA,Robbery,0,Anti-Black or African American,2017,HC636
Unknown,Riverside,CA,Destruct/vandalism,0,Anti-Protestant,2017,HC637
Black or African American,Palm Springs,CA,Simple asslt,0,Anti-Male Homosexual,2017,HC638
White,Palm Springs,CA,Simple asslt,0,Anti-Male Homosexual,2017,HC639
White,Palm Springs,CA,Agg asslt,0,Anti-Male Homosexual,2017,HC640
Unknown,Riverside,CA,Destruct/vandalism,0,Anti-Catholic,2017,HC641
Black or African American,Riverside,CA,Simple asslt,0,Anti-Hispanic or Latino,2017,HC642
Unknown,Riverside,CA,Intimidation,0,Anti-Jewish,2017,HC643
Unknown,Riverside,CA,Destruct/vandalism,1,Anti-Jewish,2017,HC644
White,Riverside,CA,Simple asslt,0,Anti-Black or African American,2017,HC645
White,Riverside,CA,Arson,1,Anti-Hispanic or Latino,2017,HC646
Unknown,Riverside,CA,Destruct/vandalism,0,Anti-Catholic,2017,HC647
Multi-Racial Group,Riverside,CA,Simple asslt,1,Anti-Black or African American,2017,HC648
Unknown,San Jacinto,CA,Destruct/vandalism,1,Anti-Black or African American,2017,HC649
Unknown,Corona,CA,Destruct/vandalism,0,Anti-Not Hispanic or Latino,2017,HC650
White,Corona,CA,Agg asslt,0,Anti-Female Homosexual,2017,HC651
White,Riverside,CA,Intimidation,0,Anti-Buddhist,2017,HC652
Unknown,Moreno Valley,CA,Destruct/vandalism,0,Anti-Black or African American,2017,HC653
Black or African American,Moreno Valley,CA,Agg asslt,0,Anti-Male Homosexual,2017,HC654
Unknown,Moreno Valley,CA,Intimidation,0,Anti-Male Homosexual,2017,HC655
Unknown,Murrieta,CA,Destruct/vandalism,0,Anti-Not Hispanic or Latino,2017,HC656
Unknown,Riverside,CA,Destruct/vandalism,0,Anti-Multi-Racial,2017,HC657
Unknown,Riverside,CA,Destruct/vandalism,0,Anti-Multi-Racial,2017,HC658
Unknown,Lake Elsinore,CA,Destruct/vandalism,0,Anti-Black or African American,2017,HC659
Unknown,Perris,CA,Burg/B & E,1,Anti-Hispanic or Latino,2017,HC660
Unknown,Sacramento,CA,Destruct/vandalism,0,Anti-Other Religion,2017,HC661
White,Sacramento,CA,Intimidation,0,Anti-Black or African American,2017,HC662
White,Sacramento,CA,Agg asslt,0,Anti-White,2017,HC663
White,Sacramento,CA,Robbery,1,Anti-Hispanic or Latino,2017,HC664
Black or African American,Sacramento,CA,Simple asslt,0,Anti-White,2017,HC665
Black or African American,Sacramento,CA,Intimidation,1,Anti-Transgender,2017,HC666
White,Sacramento,CA,Agg asslt,1,Anti-Female Homosexual,2017,HC667
Unknown,Sacramento,CA,Destruct/vandalism,0,Anti-Black or African American,2017,HC668
White,Sacramento,CA,Agg asslt,1,Anti-Black or African American,2017,HC669
Black or African American,Sacramento,CA,Intimidation,0,Anti-Arab,2017,HC670
Unknown,Sacramento,CA,Burg/B & E,1,Anti-Black or African American,2017,HC671
Black or African American,Sacramento,CA,Simple asslt,0,Anti-Transgender,2017,HC672
Unknown,Sacramento,CA,Destruct/vandalism,0,Anti-Islamic,2017,HC673
Unknown,Sacramento,CA,Destruct/vandalism,0,Anti-Black or African American,2017,HC674
White,Sacramento,CA,Destruct/vandalism,0,Anti-Catholic,2017,HC675
Unknown,Sacramento,CA,Burg/B & E,0,Anti-Black or African American,2017,HC676
Unknown,Elk Grove,CA,Destruct/vandalism,1,Anti-Black or African American,2017,HC677
Unknown,Elk Grove,CA,Destruct/vandalism,1,Anti-Black or African American,2017,HC678
Unknown,Elk Grove,CA,Destruct/vandalism,1,Anti-Black or African American,2017,HC679
Unknown,Sacramento,CA,Destruct/vandalism,0,Anti-Black or African American,2017,HC680
Black or African American,Sacramento,CA,Agg asslt,0,Anti-Hispanic or Latino,2017,HC681
White,Citrus Heights,CA,Intimidation,0,Anti-Female Homosexual,2017,HC682
White,Citrus Heights,CA,Destruct/vandalism,0,Anti-Not Hispanic or Latino,2017,HC683
Unknown,Sacramento,CA,Destruct/vandalism,0,Anti-Jewish,2017,HC684
White,Hollister,CA,Simple asslt,1,Anti-Hispanic or Latino,2017,HC685
Unknown,San Bernardino,CA,Simple asslt,0,Anti-Black or African American,2017,HC686
Unknown,San Bernardino,CA,Intimidation,1,Anti-Black or African American,2017,HC687
Black or African American,Chino,CA,Destruct/vandalism,1,Anti-White,2017,HC688
Multi-Racial Group,Chino,CA,Intimidation,1,Anti-Male Homosexual,2017,HC689
White,Chino,CA,Intimidation,0,Anti-Black or African American,2017,HC690
Multi-Racial Group,Chino,CA,Agg asslt,0,Anti-Black or African American,2017,HC691
White,Chino,CA,Simple asslt,0,Anti-Black or African American,2017,HC692
Multi-Racial Group,Chino,CA,Agg asslt,0,Anti-Black or African American,2017,HC693
Unknown,Fontana,CA,Burg/B & E,1,Anti-Sikh,2017,HC694
Unknown,Fontana,CA,Robbery,0,Anti-Male Homosexual,2017,HC695
Unknown,Fontana,CA,Destruct/vandalism,1,Anti-Islamic,2017,HC696
Unknown,Ontario,CA,Intimidation,0,Anti-Physical Disability,2017,HC697
Multi-Racial Group,Ontario,CA,Destruct/vandalism,0,Anti-Not Hispanic or Latino,2017,HC698
White,Redlands,CA,Intimidation,1,Anti-Islamic,2017,HC699
White,Redlands,CA,Simple asslt,0,Anti-Black or African American,2017,HC700
White,Rialto,CA,Agg asslt,1,Anti-Hispanic or Latino,2017,HC701
Unknown,San Bernardino,CA,Robbery,0,Anti-Male Homosexual,2017,HC702
White,San Bernardino,CA,Burg/B & E,1,Anti-Male Homosexual,2017,HC703
White,San Bernardino,CA,Agg asslt,0,Anti-Male Homosexual,2017,HC704
Black or African American,San Bernardino,CA,Agg asslt,0,Anti-Male Homosexual,2017,HC705
White,San Bernardino,CA,Agg asslt,0,Anti-Black or African American,2017,HC706
White,San Bernardino,CA,Agg asslt,1,Anti-Multi-Racial,2017,HC707
White,San Bernardino,CA,Agg asslt,1,Anti-Multi-Racial,2017,HC708
Black or African American,San Bernardino,CA,Agg asslt,0,Anti-White,2017,HC709
Black or African American,San Bernardino,CA,Simple asslt,0,Anti-Male Homosexual,2017,HC710
Unknown,Adelanto,CA,Destruct/vandalism,0,Anti-White,2017,HC711
Unknown,San Bernardino,CA,Intimidation,0,Anti-Hispanic or Latino,2017,HC712
Unknown,Highland,CA,Destruct/vandalism,0,Anti-Not Hispanic or Latino,2017,HC713
White,San Bernardino,CA,Simple asslt,1,Anti-Hispanic or Latino,2017,HC714
Unknown,San Bernardino,CA,Destruct/vandalism,1,Anti-Not Hispanic or Latino,2017,HC715
Unknown,San Bernardino,CA,Destruct/vandalism,0,Anti-Black or African American,2017,HC716
Multi-Racial Group,San Bernardino,CA,Intimidation,1,Anti-Sikh,2017,HC717
White,San Bernardino,CA,Robbery,0,Anti-Black or African American,2017,HC718
Unknown,San Bernardino,CA,Destruct/vandalism,0,Anti-Black or African American,2017,HC719
White,San Diego,CA,Simple asslt,1,Anti-Black or African American,2017,HC720
Unknown,San Diego,CA,Intimidation,1,Anti-Black or African American,2017,HC721
Black or African American,San Diego,CA,Simple asslt,0,"Anti-Lesbian, Gay, Bisexual, or Transgender, Mixed Group (LGBT)",2017,HC722
Unknown,San Diego,CA,Intimidation,0,Anti-Hispanic or Latino,2017,HC723
White,San Diego,CA,Intimidation,1,Anti-Hispanic or Latino,2017,HC724
Black or African American,San Diego,CA,Simple asslt,0,Anti-Male Homosexual,2017,HC725
Unknown,San Diego,CA,Destruct/vandalism,1,Anti-Male Homosexual,2017,HC726
White,San Diego,CA,Simple asslt,0,"Anti-Lesbian, Gay, Bisexual, or Transgender, Mixed Group (LGBT)",2017,HC727
Unknown,San Diego,CA,Simple asslt,0,"Anti-Lesbian, Gay, Bisexual, or Transgender, Mixed Group (LGBT)",2017,HC728
White,San Diego,CA,Agg asslt,0,Anti-Multi-Racial,2017,HC729
Unknown,San Diego,CA,Agg asslt,0,"Anti-Lesbian, Gay, Bisexual, or Transgender, Mixed Group (LGBT)",2017,HC730
White,San Diego,CA,Simple asslt,0,Anti-Black or African American,2017,HC731
White,San Diego,CA,Simple asslt,0,"Anti-Lesbian, Gay, Bisexual, or Transgender, Mixed Group (LGBT)",2017,HC732
White,Carlsbad,CA,Simple asslt,0,Anti-Black or African American,2017,HC733
Unknown,Carlsbad,CA,Robbery,0,Anti-Hispanic or Latino,2017,HC734
White,Carlsbad,CA,Simple asslt,1,Anti-Hispanic or Latino,2017,HC735
Unknown,Carlsbad,CA,Destruct/vandalism,0,Anti-Jewish,2017,HC736
Unknown,Carlsbad,CA,Destruct/vandalism,0,Anti-Protestant,2017,HC737
Unknown,El Cajon,CA,Agg asslt,1,Anti-Male Homosexual,2017,HC738
Black or African American,El Cajon,CA,Agg asslt,0,Anti-Male Homosexual,2017,HC739
White,El Cajon,CA,Destruct/vandalism,1,Anti-Black or African American,2017,HC740
Unknown,El Cajon,CA,Simple asslt,0,Anti-Black or African American,2017,HC741
White,El Cajon,CA,Intimidation,1,Anti-Black or African American,2017,HC742
Unknown,El Cajon,CA,Destruct/vandalism,0,Anti-Arab,2017,HC743
White,Escondido,CA,Destruct/vandalism,0,Anti-Multi-Racial,2017,HC744
White,Escondido,CA,Destruct/vandalism,0,Anti-Multi-Racial,2017,HC745
White,Escondido,CA,Agg asslt,0,Anti-Hispanic or Latino,2017,HC746
White,Escondido,CA,Agg asslt,0,Anti-Hispanic or Latino,2017,HC747
White,Escondido,CA,Intimidation,0,Anti-Hispanic or Latino,2017,HC748
White,La Mesa,CA,Agg asslt,1,Anti-Hispanic or Latino,2017,HC749
Black or African American,La Mesa,CA,Simple asslt,0,Anti-Female Homosexual,2017,HC750
Unknown,National City,CA,Agg asslt,1,Anti-Hispanic or Latino,2017,HC751
White,Oceanside,CA,Agg asslt,0,Anti-Hispanic or Latino,2017,HC752
Unknown,Oceanside,CA,Destruct/vandalism,0,Anti-Jewish,2017,HC753
White,Oceanside,CA,Robbery,0,Anti-Hispanic or Latino,2017,HC754
Unknown,Oceanside,CA,Destruct/vandalism,0,Anti-Black or African American,2017,HC755
Unknown,Oceanside,CA,Agg asslt,0,Anti-White,2017,HC756
White,Oceanside,CA,Destruct/vandalism,0,"Anti-Lesbian, Gay, Bisexual, or Transgender, Mixed Group (LGBT)",2017,HC757
Unknown,San Diego,CA,Intimidation,0,Anti-Jewish,2017,HC758
Unknown,San Diego,CA,Intimidation,0,Anti-Male Homosexual,2017,HC759
Black or African American,San Diego,CA,Agg asslt,1,Anti-White,2017,HC760
Black or African American,San Diego,CA,Agg asslt,0,Anti-Male Homosexual,2017,HC761
Unknown,San Diego,CA,Destruct/vandalism,1,Anti-Asian,2017,HC762
Unknown,San Diego,CA,Destruct/vandalism,0,Anti-Male Homosexual,2017,HC763
Black or African American,San Diego,CA,Agg asslt,0,Anti-Male Homosexual,2017,HC764
White,San Diego,CA,Robbery,0,Anti-Black or African American,2017,HC765
White,San Diego,CA,Robbery,0,Anti-Jewish,2017,HC766
Unknown,San Diego,CA,Intimidation,1,Anti-Male Homosexual,2017,HC767
Unknown,San Diego,CA,Intimidation,0,Anti-Black or African American,2017,HC768
Unknown,San Diego,CA,Burg/B & E,1,Anti-Black or African American,2017,HC769
Unknown,San Diego,CA,Simple asslt,0,Anti-Islamic,2017,HC770
Multi-Racial Group,San Diego,CA,Agg asslt,1,Anti-Black or African American,2017,HC771
Unknown,San Diego,CA,Destruct/vandalism,0,Anti-Mormon,2017,HC772
Unknown,San Diego,CA,Destruct/vandalism,1,Anti-Arab,2017,HC773
Unknown,San Diego,CA,Destruct/vandalism,1,Anti-Male Homosexual,2017,HC774
Unknown,San Diego,CA,Destruct/vandalism,1,Anti-Not Hispanic or Latino,2017,HC775
Unknown,San Diego,CA,Destruct/vandalism,0,Anti-Islamic,2017,HC776
Unknown,San Diego,CA,Destruct/vandalism,1,Anti-Black or African American,2017,HC777
White,San Diego,CA,Agg asslt,1,Anti-Black or African American,2017,HC778
Black or African American,San Diego,CA,Agg asslt,0,"Anti-Lesbian, Gay, Bisexual, or Transgender, Mixed Group (LGBT)",2017,HC779
Unknown,San Diego,CA,Intimidation,0,Anti-Jewish,2017,HC780
Unknown,San Diego,CA,Agg asslt,0,"Anti-Lesbian, Gay, Bisexual, or Transgender, Mixed Group (LGBT)",2017,HC781
Unknown,San Diego,CA,Intimidation,0,Anti-Jewish,2017,HC782
Multi-Racial Group,San Diego,CA,Agg asslt,0,Anti-Male Homosexual,2017,HC783
Unknown,San Diego,CA,Intimidation,0,Anti-Jewish,2017,HC784
Black or African American,San Diego,CA,Agg asslt,0,Anti-Gender Non-Conforming,2017,HC785
White,San Diego,CA,Simple asslt,1,Anti-Asian,2017,HC786
Unknown,San Diego,CA,Destruct/vandalism,0,Anti-Islamic,2017,HC787
Unknown,San Diego,CA,Destruct/vandalism,0,Anti-Jewish,2017,HC788
Unknown,San Diego,CA,Intimidation,1,"Anti-Lesbian, Gay, Bisexual, or Transgender, Mixed Group (LGBT)",2017,HC789
Unknown,San Diego,CA,Destruct/vandalism,0,Anti-Black or African American,2017,HC790
White,San Diego,CA,Simple asslt,0,Anti-Black or African American,2017,HC791
Unknown,San Diego,CA,Agg asslt,0,Anti-Black or African American,2017,HC792
Unknown,San Diego,CA,Intimidation,0,"Anti-Lesbian, Gay, Bisexual, or Transgender, Mixed Group (LGBT)",2017,HC793
Unknown,San Diego,CA,Intimidation,0,Anti-Jewish,2017,HC794
Unknown,San Diego,CA,Intimidation,0,Anti-Islamic,2017,HC795
White,San Diego,CA,Agg asslt,0,Anti-Arab,2017,HC796
White,San Marcos,CA,Destruct/vandalism,0,Anti-Jehovah's Witness,2017,HC797
White,San Marcos,CA,Intimidation,0,Anti-Black or African American,2017,HC798
Unknown,Vista,CA,Robbery,0,Anti-Black or African American,2017,HC799
White,Vista,CA,Simple asslt,0,Anti-Black or African American,2017,HC800
White,Vista,CA,Intimidation,0,Anti-Male Homosexual,2017,HC801
Unknown,Vista,CA,Destruct/vandalism,0,Anti-Jewish,2017,HC802
Unknown,Vista,CA,Destruct/vandalism,0,Anti-Black or African American,2017,HC803
Unknown,Vista,CA,Simple asslt,0,Anti-Black or African American,2017,HC804
Unknown,San Diego,CA,Destruct/vandalism,0,Anti-Islamic,2017,HC805
White,San Diego,CA,Agg asslt,0,"Anti-Lesbian, Gay, Bisexual, or Transgender, Mixed Group (LGBT)",2017,HC806
White,San Diego,CA,Intimidation,0,Anti-Male Homosexual,2017,HC807
Black or African American,Lemon Grove,CA,Robbery,0,Anti-White,2017,HC808
Unknown,Santee,CA,Destruct/vandalism,1,Anti-Native Hawaiian or Other Pacific Islander,2017,HC809
White,San Francisco,CA,Intimidation,1,Anti-Black or African American,2017,HC810
Unknown,San Francisco,CA,Destruct/vandalism,0,Anti-Black or African American,2017,HC811
Multi-Racial Group,San Francisco,CA,Agg asslt,0,Anti-Transgender,2017,HC812
White,San Francisco,CA,Simple asslt,0,Anti-Transgender,2017,HC813
White,San Francisco,CA,Arson,1,"Anti-Lesbian, Gay, Bisexual, or Transgender, Mixed Group (LGBT)",2017,HC814
Asian,San Francisco,CA,Simple asslt,0,Anti-Male Homosexual,2017,HC815
White,San Francisco,CA,Agg asslt,0,Anti-Bisexual,2017,HC816
White,San Francisco,CA,Intimidation,0,Anti-Hispanic or Latino,2017,HC817
Black or African American,San Francisco,CA,Simple asslt,0,Anti-Male Homosexual,2017,HC818
Black or African American,San Francisco,CA,Robbery,0,Anti-Hispanic or Latino,2017,HC819
Unknown,San Francisco,CA,Agg asslt,0,Anti-Hispanic or Latino,2017,HC820
Black or African American,San Francisco,CA,Simple asslt,1,Anti-White,2017,HC821
White,San Francisco,CA,Agg asslt,0,Anti-Asian,2017,HC822
White,San Francisco,CA,Intimidation,0,Anti-Asian,2017,HC823
White,San Francisco,CA,Simple asslt,0,Anti-Asian,2017,HC824
White,San Francisco,CA,Agg asslt,0,Anti-Asian,2017,HC825
White,San Francisco,CA,Simple asslt,0,Anti-Hispanic or Latino,2017,HC826
Black or African American,San Francisco,CA,Simple asslt,0,Anti-White,2017,HC827
White,San Francisco,CA,Intimidation,0,Anti-Asian,2017,HC828
White,San Francisco,CA,Agg asslt,0,Anti-Transgender,2017,HC829
White,San Francisco,CA,Simple asslt,0,Anti-Black or African American,2017,HC830
White,San Francisco,CA,Intimidation,0,Anti-Male Homosexual,2017,HC831
White,San Francisco,CA,Robbery,0,Anti-Hispanic or Latino,2017,HC832
Unknown,San Francisco,CA,Destruct/vandalism,1,Anti-Jewish,2017,HC833
Unknown,San Francisco,CA,Destruct/vandalism,1,Anti-Male Homosexual,2017,HC834
Unknown,San Francisco,CA,Destruct/vandalism,0,Anti-Black or African American,2017,HC835
White,San Francisco,CA,Intimidation,0,Anti-Islamic,2017,HC836
Unknown,San Francisco,CA,Destruct/vandalism,0,Anti-Other Religion,2017,HC837
Unknown,San Francisco,CA,Intimidation,0,Anti-Jewish,2017,HC838
Unknown,San Francisco,CA,Destruct/vandalism,0,Anti-Catholic,2017,HC839
Unknown,San Francisco,CA,Intimidation,0,Anti-Jewish,2017,HC840
White,San Francisco,CA,Intimidation,0,Anti-Male Homosexual,2017,HC841
Black or African American,Oakland,CA,Agg asslt,0,"Anti-Lesbian, Gay, Bisexual, or Transgender, Mixed Group (LGBT)",2017,HC842
Unknown,San Francisco,CA,Destruct/vandalism,0,Anti-Jewish,2017,HC843
Unknown,San Francisco,CA,Destruct/vandalism,0,Anti-Jewish,2017,HC844
Unknown,Lodi,CA,Destruct/vandalism,0,Anti-Black or African American,2017,HC845
Unknown,Manteca,CA,Intimidation,0,Anti-Islamic,2017,HC846
White,Manteca,CA,Intimidation,0,Anti-Black or African American,2017,HC847
White,Manteca,CA,Destruct/vandalism,0,Anti-Islamic,2017,HC848
Unknown,Manteca,CA,Destruct/vandalism,1,Anti-Hispanic or Latino,2017,HC849
Black or African American,Stockton,CA,Agg asslt,1,Anti-Male Homosexual,2017,HC850
Unknown,Stockton,CA,Destruct/vandalism,1,Anti-Asian,2017,HC851
Unknown,Stockton,CA,Destruct/vandalism,0,Anti-Jewish,2017,HC852
White,Stockton,CA,Simple asslt,1,Anti-Black or African American,2017,HC853
Multi-Racial Group,Stockton,CA,Intimidation,0,Anti-Jewish,2017,HC854
Unknown,Stockton,CA,Destruct/vandalism,0,Anti-Jewish,2017,HC855
Unknown,San Luis Obispo,CA,Destruct/vandalism,0,Anti-Black or African American,2017,HC856
Unknown,San Luis Obispo,CA,Destruct/vandalism,1,Anti-Multi-Racial,2017,HC857
Unknown,San Luis Obispo,CA,Destruct/vandalism,0,Anti-Black or African American,2017,HC858
Unknown,San Luis Obispo,CA,Arson,1,"Anti-Lesbian, Gay, Bisexual, or Transgender, Mixed Group (LGBT)",2017,HC859
Unknown,San Luis Obispo,CA,Destruct/vandalism,0,Anti-Jewish,2017,HC860
White,San Luis Obispo,CA,Simple asslt,0,Anti-Black or African American,2017,HC861
White,San Luis Obispo,CA,Intimidation,0,Anti-Black or African American,2017,HC862
Unknown,San Luis Obispo,CA,Destruct/vandalism,0,Anti-Jewish,2017,HC863
Multi-Racial Group,San Luis Obispo,CA,Agg asslt,0,"Anti-Lesbian, Gay, Bisexual, or Transgender, Mixed Group (LGBT)",2017,HC864
White,Redwood City,CA,Destruct/vandalism,0,Anti-Jewish,2017,HC865
White,Belmont,CA,Intimidation,0,Anti-Jewish,2017,HC866
White,Colma,CA,Intimidation,0,Anti-Male Homosexual,2017,HC867
White,Daly City,CA,Robbery,1,Anti-Male Homosexual,2017,HC868
Unknown,Pacifica,CA,Simple asslt,0,Anti-Bisexual,2017,HC869
Multi-Racial Group,Pacifica,CA,Intimidation,0,Anti-White,2017,HC870
Unknown,Redwood City,CA,Destruct/vandalism,0,Anti-Black or African American,2017,HC871
White,Redwood City,CA,Intimidation,0,Anti-Hispanic or Latino,2017,HC872
White,San Mateo,CA,Agg asslt,1,Anti-Hispanic or Latino,2017,HC873
White,San Mateo,CA,Intimidation,1,Anti-Black or African American,2017,HC874
White,South San Francisco,CA,Agg asslt,0,Anti-Hispanic or Latino,2017,HC875
Multi-Racial Group,South San Francisco,CA,Robbery,0,Anti-Male Homosexual,2017,HC876
Unknown,Foster City,CA,Intimidation,0,Anti-Jewish,2017,HC877
Unknown,East Palo Alto,CA,Destruct/vandalism,0,Anti-Catholic,2017,HC878
Multi-Racial Group,Santa Barbara,CA,Agg asslt,0,Anti-Male Homosexual,2017,HC879
Black or African American,Santa Barbara,CA,Agg asslt,0,Anti-Male Homosexual,2017,HC880
Unknown,Santa Barbara,CA,Intimidation,0,Anti-Not Hispanic or Latino,2017,HC881
Unknown,Santa Barbara,CA,Intimidation,1,Anti-Black or African American,2017,HC882
White,Santa Barbara,CA,Intimidation,0,Anti-Not Hispanic or Latino,2017,HC883
Unknown,Santa Barbara,CA,Destruct/vandalism,0,Anti-Not Hispanic or Latino,2017,HC884
Unknown,Santa Barbara,CA,Destruct/vandalism,0,Anti-Not Hispanic or Latino,2017,HC885
Multi-Racial Group,San Jose,CA,Agg asslt,1,Anti-Transgender,2017,HC886
Unknown,San Jose,CA,Destruct/vandalism,0,Anti-Multi-Racial,2017,HC887
Unknown,San Jose,CA,Robbery,0,Anti-Transgender,2017,HC888
Unknown,Los Gatos,CA,Intimidation,0,Anti-Jewish,2017,HC889
Unknown,Palo Alto,CA,Destruct/vandalism,0,Anti-Jewish,2017,HC890
Unknown,Palo Alto,CA,Destruct/vandalism,0,Anti-Jewish,2017,HC891
Unknown,Palo Alto,CA,Destruct/vandalism,0,Anti-Jewish,2017,HC892
White,Palo Alto,CA,Intimidation,0,Anti-Hispanic or Latino,2017,HC893
Unknown,Palo Alto,CA,Destruct/vandalism,1,Anti-Black or African American,2017,HC894
Unknown,San Jose,CA,Simple asslt,0,Anti-Black or African American,2017,HC895
White,San Jose,CA,Destruct/vandalism,1,Anti-Black or African American,2017,HC896
Unknown,San Jose,CA,Destruct/vandalism,1,Anti-Jewish,2017,HC897
Black or African American,San Jose,CA,Simple asslt,0,Anti-Black or African American,2017,HC898
White,San Jose,CA,Agg asslt,0,Anti-Hispanic or Latino,2017,HC899
White,San Jose,CA,Destruct/vandalism,0,Anti-Male Homosexual,2017,HC900
Native Hawaiian or other Pacific Islander,San Jose,CA,Simple asslt,0,Anti-White,2017,HC901
White,San Jose,CA,Simple asslt,0,Anti-Black or African American,2017,HC902
White,San Jose,CA,Simple asslt,0,Anti-Female Homosexual,2017,HC903
Multi-Racial Group,San Jose,CA,Simple asslt,0,Anti-Male Homosexual,2017,HC904
White,San Jose,CA,Simple asslt,0,Anti-Black or African American,2017,HC905
White,San Jose,CA,Simple asslt,0,Anti-Not Hispanic or Latino,2017,HC906
White,San Jose,CA,Simple asslt,0,Anti-Transgender,2017,HC907
White,San Jose,CA,Agg asslt,1,Anti-Black or African American,2017,HC908
Unknown,San Jose,CA,Simple asslt,0,Anti-Jewish,2017,HC909
White,San Jose,CA,Agg asslt,0,Anti-Black or African American,2017,HC910
White,San Jose,CA,Agg asslt,0,Anti-Not Hispanic or Latino,2017,HC911
White,San Jose,CA,Simple asslt,0,Anti-Black or African American,2017,HC912
Black or African American,San Jose,CA,Agg asslt,0,Anti-Arab,2017,HC913
White,San Jose,CA,Agg asslt,0,Anti-Male Homosexual,2017,HC914
White,San Jose,CA,Agg asslt,0,Anti-Hispanic or Latino,2017,HC915
Unknown,San Jose,CA,Robbery,0,Anti-Hispanic or Latino,2017,HC916
White,San Jose,CA,Simple asslt,1,Anti-White,2017,HC917
Black or African American,San Jose,CA,Agg asslt,0,Anti-Hispanic or Latino,2017,HC918
Unknown,San Jose,CA,Simple asslt,0,Anti-Islamic,2017,HC919
Unknown,San Jose,CA,Destruct/vandalism,0,Anti-Black or African American,2017,HC920
Unknown,San Jose,CA,Destruct/vandalism,1,Anti-Jewish,2017,HC921
White,San Jose,CA,Destruct/vandalism,0,Anti-Jewish,2017,HC922
Black or African American,San Jose,CA,Simple asslt,0,Anti-Hispanic or Latino,2017,HC923
White,San Jose,CA,Destruct/vandalism,1,Anti-Islamic,2017,HC924
White,San Jose,CA,Simple asslt,1,Anti-Black or African American,2017,HC925
White,San Jose,CA,Simple asslt,0,Anti-Black or African American,2017,HC926
White,San Jose,CA,Simple asslt,0,Anti-Islamic,2017,HC927
Unknown,San Jose,CA,Destruct/vandalism,0,Anti-Jewish,2017,HC928
Black or African American,San Jose,CA,Agg asslt,0,Anti-Hispanic or Latino,2017,HC929
White,San Jose,CA,Intimidation,0,Anti-Hindu,2017,HC930
White,San Jose,CA,Destruct/vandalism,0,Anti-Asian,2017,HC931
Unknown,San Jose,CA,Destruct/vandalism,0,Anti-Male Homosexual,2017,HC932
Unknown,San Jose,CA,Destruct/vandalism,1,Anti-Jewish,2017,HC933
Unknown,San Jose,CA,Destruct/vandalism,0,Anti-Black or African American,2017,HC934
Unknown,San Jose,CA,Destruct/vandalism,0,Anti-Islamic,2017,HC935
Multi-Racial Group,San Jose,CA,Agg asslt,0,Anti-Male Homosexual,2017,HC936
White,San Jose,CA,Simple asslt,1,Anti-Black or African American,2017,HC937
Unknown,Santa Clara,CA,Arson,1,Anti-White,2017,HC938
Black or African American,Sunnyvale,CA,Simple asslt,0,Anti-Asian,2017,HC939
Unknown,Sunnyvale,CA,Destruct/vandalism,0,Anti-Transgender,2017,HC940
White,Santa Cruz,CA,Destruct/vandalism,0,Anti-Jewish,2017,HC941
White,Santa Cruz,CA,Intimidation,0,Anti-Black or African American,2017,HC942
White,Capitola,CA,Simple asslt,0,Anti-Black or African American,2017,HC943
White,Santa Cruz,CA,Simple asslt,0,Anti-Asian,2017,HC944
White,Santa Cruz,CA,Intimidation,1,Anti-Arab,2017,HC945
Multi-Racial Group,Santa Cruz,CA,Intimidation,0,"Anti-Lesbian, Gay, Bisexual, or Transgender, Mixed Group (LGBT)",2017,HC946
White,Santa Cruz,CA,Intimidation,0,Anti-Asian,2017,HC947
White,Santa Cruz,CA,Intimidation,0,Anti-Black or African American,2017,HC948
White,Santa Cruz,CA,Simple asslt,0,Anti-Other Religion,2017,HC949
White,Santa Cruz,CA,Intimidation,0,Anti-Black or African American,2017,HC950
White,Redding,CA,Simple asslt,0,Anti-Black or African American,2017,HC951
American Indian/Alaska Native,Redding,CA,Simple asslt,0,Anti-Hispanic or Latino,2017,HC952
White,Redding,CA,Agg asslt,0,Anti-Hispanic or Latino,2017,HC953
White,Redding,CA,Intimidation,0,Anti-Black or African American,2017,HC954
White,Redding,CA,Agg asslt,0,Anti-Black or African American,2017,HC955
White,Redding,CA,Simple asslt,1,"Anti-Lesbian, Gay, Bisexual, or Transgender, Mixed Group (LGBT)",2017,HC956
Unknown,Redding,CA,Burg/B & E,1,Anti-Male Homosexual,2017,HC957
White,Redding,CA,Robbery,1,Anti-Hispanic or Latino,2017,HC958
American Indian/Alaska Native,Redding,CA,Simple asslt,0,Anti-Black or African American,2017,HC959
White,Redding,CA,Agg asslt,1,Anti-Black or African American,2017,HC960
White,Redding,CA,Intimidation,0,Anti-Asian,2017,HC961
White,Redding,CA,Intimidation,1,Anti-Black or African American,2017,HC962
White,Redding,CA,Robbery,1,Anti-Male Homosexual,2017,HC963
White,Redding,CA,Robbery,0,Anti-Male Homosexual,2017,HC964
White,Redding,CA,Agg asslt,1,Anti-Black or African American,2017,HC965
Unknown,Fairfield,CA,Destruct/vandalism,0,Anti-Black or African American,2017,HC966
Unknown,Benicia,CA,Burg/B & E,1,Anti-Black or African American,2017,HC967
White,Fairfield,CA,Agg asslt,1,Anti-Black or African American,2017,HC968
Unknown,Fairfield,CA,Destruct/vandalism,0,Anti-Black or African American,2017,HC969
White,Fairfield,CA,Intimidation,0,Anti-Black or African American,2017,HC970
Unknown,Vacaville,CA,Destruct/vandalism,0,Anti-Jewish,2017,HC971
Unknown,Vacaville,CA,Arson,0,Anti-Not Hispanic or Latino,2017,HC972
Unknown,Vacaville,CA,Destruct/vandalism,0,Anti-Other Religion,2017,HC973
Unknown,Vacaville,CA,Destruct/vandalism,1,Anti-Black or African American,2017,HC974
Unknown,Santa Rosa,CA,Simple asslt,0,Anti-Multi-Racial,2017,HC975
White,Santa Rosa,CA,Intimidation,0,Anti-Black or African American,2017,HC976
White,Santa Rosa,CA,Simple asslt,0,Anti-Male Homosexual,2017,HC977
White,Santa Rosa,CA,Intimidation,0,Anti-Black or African American,2017,HC978
White,Santa Rosa,CA,Intimidation,0,Anti-Hispanic or Latino,2017,HC979
White,Santa Rosa,CA,Intimidation,0,Anti-Male Homosexual,2017,HC980
Unknown,Santa Rosa,CA,Destruct/vandalism,1,Anti-Black or African American,2017,HC981
White,Petaluma,CA,Simple asslt,0,Anti-Hispanic or Latino,2017,HC982
Unknown,Petaluma,CA,Intimidation,1,Anti-Black or African American,2017,HC983
White,Petaluma,CA,Agg asslt,0,Anti-Male Homosexual,2017,HC984
White,Petaluma,CA,Simple asslt,1,Anti-Male Homosexual,2017,HC985
Unknown,Petaluma,CA,Destruct/vandalism,0,Anti-Jewish,2017,HC986
White,Petaluma,CA,Intimidation,0,Anti-Hispanic or Latino,2017,HC987
White,Windsor,CA,Intimidation,0,Anti-Male Homosexual,2017,HC988
White,Modesto,CA,Agg asslt,0,Anti-Not Hispanic or Latino,2017,HC989
White,Modesto,CA,Intimidation,1,Anti-Black or African American,2017,HC990
White,Modesto,CA,Intimidation,0,Anti-Female Homosexual,2017,HC991
Multi-Racial Group,Modesto,CA,Robbery,0,Anti-Islamic,2017,HC992
Unknown,Modesto,CA,Intimidation,0,Anti-Multi-Racial,2017,HC993
White,Modesto,CA,Destruct/vandalism,0,Anti-Hispanic or Latino,2017,HC994
Unknown,Modesto,CA,Intimidation,1,Anti-Black or African American,2017,HC995
White,Modesto,CA,Simple asslt,0,Anti-Male Homosexual,2017,HC996
Unknown,Modesto,CA,Destruct/vandalism,0,Anti-Multi-Racial,2017,HC997
Multi-Racial Group,Modesto,CA,Destruct/vandalism,1,Anti-Black or African American,2017,HC998
Unknown,Turlock,CA,Destruct/vandalism,0,Anti-Black or African American,2017,HC999
Unknown,Turlock,CA,Destruct/vandalism,1,Anti-White,2017,HC1000
Unknown,Yuba City,CA,Destruct/vandalism,0,Anti-Other Christian,2017,HC1001
Unknown,Corning,CA,Arson,1,Anti-Black or African American,2017,HC1002
White,Red Bluff,CA,Simple asslt,0,Anti-Female Homosexual,2017,HC1003
White,Visalia,CA,Agg asslt,0,Anti-Hispanic or Latino,2017,HC1004
Unknown,Ventura,CA,Destruct/vandalism,0,Anti-Jewish,2017,HC1005
White,Ventura,CA,Simple asslt,0,Anti-Hispanic or Latino,2017,HC1006
Unknown,Ventura,CA,Agg asslt,0,Anti-White,2017,HC1007
Unknown,Ventura,CA,Destruct/vandalism,1,Anti-Black or African American,2017,HC1008
Unknown,Oxnard,CA,Destruct/vandalism,0,Anti-Jewish,2017,HC1009
Unknown,Oxnard,CA,Intimidation,0,Anti-Male Homosexual,2017,HC1010
Unknown,Oxnard,CA,Destruct/vandalism,1,Anti-Islamic,2017,HC1011
Multi-Racial Group,Oxnard,CA,Destruct/vandalism,0,Anti-Catholic,2017,HC1012
Unknown,Oxnard,CA,Destruct/vandalism,0,Anti-Multi-Religious,2017,HC1013
Unknown,Oxnard,CA,Destruct/vandalism,0,Anti-Black or African American,2017,HC1014
Multi-Racial Group,Oxnard,CA,Intimidation,1,Anti-Black or African American,2017,HC1015
White,Ventura,CA,Simple asslt,0,Anti-Jewish,2017,HC1016
White,Ventura,CA,Agg asslt,0,Anti-Hispanic or Latino,2017,HC1017
White,Ventura,CA,Intimidation,0,Anti-Black or African American,2017,HC1018
White,Ventura,CA,Simple asslt,0,Anti-Hispanic or Latino,2017,HC1019
Multi-Racial Group,Ventura,CA,Simple asslt,0,Anti-White,2017,HC1020
Unknown,Simi Valley,CA,Simple asslt,1,Anti-Male Homosexual,2017,HC1021
Unknown,Simi Valley,CA,Destruct/vandalism,1,Anti-Jewish,2017,HC1022
White,Simi Valley,CA,Intimidation,0,Anti-Islamic,2017,HC1023
Unknown,Moorpark,CA,Destruct/vandalism,0,Anti-Multi-Racial,2017,HC1024
Multi-Racial Group,Davis,CA,Simple asslt,0,Anti-Black or African American,2017,HC1025
White,Davis,CA,Destruct/vandalism,0,Anti-Islamic,2017,HC1026
White,Davis,CA,Intimidation,0,Anti-Asian,2017,HC1027
White,Davis,CA,Intimidation,0,Anti-Multi-Racial,2017,HC1028
Unknown,Davis,CA,Destruct/vandalism,1,Anti-Islamic,2017,HC1029
Unknown,Davis,CA,Destruct/vandalism,1,Anti-Islamic,2017,HC1030
Unknown,Davis,CA,All other larceny,1,Anti-Not Hispanic or Latino,2017,HC1031
Unknown,Marysville,CA,Destruct/vandalism,0,Anti-American Indian or Alaska Native,2017,HC1032
White,Marysville,CA,Simple asslt,1,Anti-Multi-Racial,2017,HC1033
White,Marysville,CA,Intimidation,1,Anti-Hispanic or Latino,2017,HC1034
White,Marysville,CA,Simple asslt,0,Anti-American Indian or Alaska Native,2017,HC1035
Unknown,Marysville,CA,Destruct/vandalism,1,Anti-Black or African American,2017,HC1036
White,Marysville,CA,Intimidation,0,Anti-Not Hispanic or Latino,2017,HC1037
White,Marysville,CA,Robbery,0,Anti-Black or African American,2017,HC1038
